,asset_id,time,open,close,volume,market_cap,url_shares,unique_url_shares,reddit_posts,reddit_posts_score,reddit_comments,tweets,tweet_spam,tweet_followers,tweet_quotes,tweet_retweets,tweet_replies,tweet_favorites,news,volatility,youtube,symbol
0,6,2019-02-12,9.436401,9.176074,103581634,1295436745.45,,,,,,1484.0,1021.0,,,,,,24.0,0.38255929,,BNB
1,6,2019-02-13,9.167662,8.862661,75762092,1251190511.52,,,,,2.0,1270.0,947.0,,,,,,10.0,0.21126931,,BNB
2,6,2019-02-14,8.794459,8.688911,53850713,1226661270.09,,,1.0,,3.0,1109.0,880.0,,,,,,9.0,0.24335733,,BNB
3,6,2019-02-15,8.722941,9.219319,66458882,1301541879.52,,,2.0,,5.0,1585.0,967.0,,,,,,19.0,0.08390815,,BNB
4,6,2019-02-16,9.244454,9.024134,48857214,1273986541.46,,,5.0,,1.0,1350.0,808.0,,,,,,3.0,,,BNB
5,6,2019-02-17,9.217642,9.150353,50124807,1291805570.66,,,4.0,,,1211.0,915.0,,,,,,5.0,,,BNB
6,6,2019-02-18,9.792338,9.56721,58258696,1350655562.0,,,10.0,,,1830.0,1333.0,,,,,,12.0,,,BNB
7,6,2019-02-19,9.586247,10.45352,106594713,1475780810.75,,,5.0,,2.0,2277.0,1309.0,,,,,,11.0,,,BNB
8,6,2019-02-20,10.623627,10.870217,96915638,1534608214.01,,,7.0,,3.0,2267.0,1351.0,,,,,,27.0,,,BNB
9,6,2019-02-21,10.752768,10.406014,65684719,1469074127.92,,,4.0,,2.0,1486.0,1047.0,,,,,,13.0,,,BNB
10,6,2019-02-22,10.514825,10.743274,61938402,1516686973.75,,,6.0,,1.0,1486.0,958.0,,,,,,10.0,0.49987508,,BNB
11,6,2019-02-23,11.231758,10.735862,60274387,1515640581.02,,,2.0,,,1273.0,850.0,,,,,,4.0,0.81256123,,BNB
12,6,2019-02-24,9.65063,9.946747,91646382,1404236884.04,,,1.0,,2.0,1176.0,830.0,,,,,,4.0,0.72363517,,BNB
13,6,2019-02-25,10.185559,9.693612,124068195,1368500426.32,,,1.0,,8.0,1474.0,941.0,,,,,,10.0,0.76546599,,BNB
14,6,2019-02-26,9.598017,9.394924,68689759,1326333001.49,,,,,,1306.0,852.0,,,,,,12.0,0.735374,,BNB
15,6,2019-02-27,9.425915,9.85018,75750219,1390603990.47,,,1.0,,,1429.0,777.0,,,,,,14.0,1.21244319,,BNB
16,6,2019-02-28,9.849286,10.27583,90615906,1450695337.89,,,4.0,,2.0,1116.0,620.0,,,,,,8.0,1.32548087,,BNB
17,6,2019-03-01,10.294256,11.31452,102457115,1597332907.85,,,2.0,,3.0,1807.0,884.0,,,,,,20.0,1.25003368,,BNB
18,6,2019-03-02,11.294844,11.756394,98736671,1659714686.43,,,4.0,,6.0,2579.0,1265.0,,,,,,15.0,1.21542305,,BNB
19,6,2019-03-03,11.663188,11.398004,67101377,1609118802.48,,,4.0,,1.0,2204.0,1385.0,,,,,,11.0,1.90845413,,BNB
20,6,2019-03-04,11.138951,11.385529,64267863,1607357638.24,,,1.0,,7.0,1311.0,657.0,,,,,,13.0,1.98788807,,BNB
21,6,2019-03-05,11.864873,13.610916,214188289,1921527738.94,,,5.0,,13.0,2673.0,1137.0,,,,,,34.0,1.88612736,,BNB
22,6,2019-03-06,13.625834,14.482261,169010184,2044540296.49,,,13.0,,11.0,2124.0,840.0,,,,,,19.0,2.08066862,,BNB
23,6,2019-03-07,14.529689,15.053105,200390660,2125129478.04,,,12.0,,12.0,2908.0,1187.0,,,,,,34.0,3.91763625,,BNB
24,6,2019-03-08,14.959144,14.202884,193026638,2005099111.55,,,5.0,,2.0,1686.0,841.0,,,,,,23.0,4.41715188,,BNB
25,6,2019-03-09,14.480176,14.3695,127239787,2028621207.03,,,6.0,,,1330.0,669.0,,,,,,8.0,3.61751767,,BNB
26,6,2019-03-10,14.292095,14.299179,110336819,2018693605.38,,,,,,1084.0,674.0,,,,,,7.0,3.33520064,,BNB
27,6,2019-03-11,14.139955,14.35627,118511746,2026753455.3,,,,,2.0,1451.0,873.0,,,,,,13.0,2.7854669,,BNB
28,6,2019-03-12,14.390574,15.255139,134555939,2153651727.03,,,,,1.0,1378.0,700.0,,,,,,9.0,0.85842408,,BNB
29,6,2019-03-13,15.212102,14.990522,110474521,2116294292.33,,,,,3.0,1113.0,519.0,,,,,,13.0,0.70207538,,BNB
30,6,2019-03-14,15.050531,14.853502,105250821,2096950426.66,,,,,5.0,1266.0,734.0,,,,,,11.0,0.71794313,,BNB
31,6,2019-03-15,14.985158,14.838301,93181264,2094804418.03,,,1.0,,2.0,1129.0,506.0,,,,,,16.0,0.44124457,,BNB
32,6,2019-03-16,15.228464,15.930894,114838088,2249051770.44,,,,,9.0,1232.0,620.0,,,,,,7.0,,,BNB
33,6,2019-03-17,15.800894,15.566363,100131872,2197588927.81,,,,,18.0,1054.0,637.0,,,,,,8.0,0.25421544,,BNB
34,6,2019-03-18,15.537458,15.461473,82459442,2182781030.64,,,,,1.0,1389.0,788.0,,,,,,15.0,0.58215268,,BNB
35,6,2019-03-19,15.60002,15.461897,150535686,2182840889.05,,,,,1.0,1637.0,826.0,,,,,,10.0,0.422639,,BNB
36,6,2019-03-20,15.550346,15.08533,86507820,2129678858.21,,,1.0,,7.0,1622.0,995.0,,,,,,12.0,0.34036113,,BNB
37,6,2019-03-21,14.909526,14.395468,101146294,2032287252.16,,,,,2.0,1125.0,633.0,,,,,,11.0,0.4271245,,BNB
38,6,2019-03-22,14.367286,15.103917,92288996,2132302887.05,,,,,5.0,1244.0,760.0,,,,,,17.0,0.59475234,,BNB
39,6,2019-03-23,15.118659,15.083436,95597303,2129411471.83,,,,,1.0,1131.0,751.0,,,,,,3.0,0.51256034,,BNB
40,6,2019-03-24,15.030197,17.029226,246671511,2404109328.99,,,,,15.0,1887.0,1010.0,,,,,,13.0,0.75596331,,BNB
41,6,2019-03-25,16.744872,16.626771,134008204,2347292547.07,,,,,9.0,1651.0,732.0,,,,,,25.0,1.39074353,,BNB
42,6,2019-03-26,16.723523,16.074354,119829541,2269304806.27,,,,,7.0,1366.0,657.0,,,,,,7.0,1.27080961,,BNB
43,6,2019-03-27,16.487071,16.577717,134274197,2340367324.57,,,,,,1201.0,614.0,,,,,,12.0,1.00193795,,BNB
44,6,2019-03-28,16.527173,16.587924,125472276,2341808302.8,,,,,3.0,1202.0,684.0,,,,,,9.0,0.52471795,,BNB
45,6,2019-03-29,16.950378,16.47367,112455177,2325678438.33,,,,,1.0,1122.0,571.0,,,,,,7.0,0.33288052,,BNB
46,6,2019-03-30,16.464985,16.879488,115345728,2382969993.43,,,,,,1050.0,594.0,,,,,,3.0,0.28253139,,BNB
47,6,2019-03-31,16.864837,17.433144,134714623,2461132650.66,,,,,3.0,1227.0,768.0,,,,,,7.0,0.39082131,,BNB
48,6,2019-04-01,17.607164,17.907474,136628002,2528096420.95,,,1.0,,5.0,1346.0,659.0,,,,,,11.0,0.62689668,,BNB
49,6,2019-04-02,21.115184,19.797089,185926533,2794863744.94,,,,,8.0,1275.0,668.0,,,,,,7.0,1.00962694,,BNB
50,6,2019-04-03,20.088183,18.814061,184512903,2656084285.12,,,,,17.0,1383.0,757.0,,,,,,10.0,1.30144363,,BNB
51,6,2019-04-04,18.593096,18.965286,146436446,2677433548.63,,,1.0,,10.0,1151.0,641.0,,,,,,7.0,0.76898329,,BNB
52,6,2019-04-05,19.475508,19.527606,129749935,2756819350.3,,,2.0,,,1132.0,588.0,,,,,,12.0,,,BNB
53,6,2019-04-06,19.574134,19.074629,116788062,2692870100.26,,,3.0,,8.0,1087.0,541.0,,,,,,2.0,0.1476705,,BNB
54,6,2019-04-07,19.648386,19.065182,107212560,2691536415.4,,,1.0,,5.0,1157.0,650.0,,,,,,10.0,0.25918728,,BNB
55,6,2019-04-08,19.4299,18.201573,107181142,2569615991.45,,,,,3.0,1185.0,641.0,,,,,,6.0,0.30946308,,BNB
56,6,2019-04-09,17.843939,18.410726,128896626,2599143268.76,,,,,4.0,1204.0,598.0,,,,,,13.0,0.20081835,,BNB
57,6,2019-04-10,18.859657,18.364521,118135963,2592620255.23,,,1.0,,,1226.0,686.0,,,,,,7.0,0.55713708,,BNB
58,6,2019-04-11,17.440671,17.622413,98398051,2487852794.52,,,1.0,,1.0,591.0,364.0,,,,,,5.0,0.38379882,,BNB
59,6,2019-04-12,17.730658,18.430142,107181710,2601884332.08,,,3.0,,2.0,607.0,241.0,,,,,,9.0,0.25502444,,BNB
60,6,2019-04-13,18.373613,18.687854,105081123,2638266950.02,,,,,2.0,921.0,528.0,,,,,,8.0,0.67100885,,BNB
61,6,2019-04-14,19.025967,19.55204,126541417,2760268832.23,,,,,,1362.0,854.0,,,,,,5.0,0.80485624,,BNB
62,6,2019-04-15,19.059723,19.2551,112577295,2718348182.16,,,,,,1222.0,651.0,,,,,,8.0,1.03055185,,BNB
63,6,2019-04-16,19.934572,19.787587,104485081,2793522295.43,,,,,1.0,1063.0,643.0,,,,,,7.0,0.70766702,,BNB
64,6,2019-04-17,19.864154,19.597999,98987607,2766757116.59,,,,,,1082.0,595.0,,,,,,10.0,0.52172787,,BNB
65,6,2019-04-18,19.860801,21.910088,300129235,3093167414.65,,,,,15.0,2363.0,1075.0,,,,,,,0.61420619,,BNB
66,6,2019-04-19,21.957691,24.354016,315351152,3438190148.16,,,,,6.0,2939.0,1124.0,,,,,,24.0,1.33442248,,BNB
67,6,2019-04-20,24.589556,25.003381,215021386,3529864570.38,,,,,5.0,2566.0,975.0,,,,,,25.0,2.05696506,,BNB
68,6,2019-04-21,24.882112,24.250365,191722148,3423557167.42,,,,,1.0,1451.0,710.0,,,,,,13.0,1.92743075,,BNB
69,6,2019-04-22,24.619682,24.026539,166988103,3391958422.14,,,,,,1613.0,698.0,,,,,,15.0,1.20117294,,BNB
70,6,2019-04-23,24.638583,22.812692,159516464,3220592976.84,,,,,7.0,1760.0,730.0,,,,,,32.0,0.61317285,,BNB
71,6,2019-04-24,22.507689,23.107318,166447451,3262186946.83,,,,,9.0,1483.0,629.0,,,,,,25.0,0.74728457,,BNB
72,6,2019-04-25,21.781241,22.149458,151057180,3126960591.74,,,,,6.0,1366.0,658.0,,,,,,,0.8026651,,BNB
73,6,2019-04-26,22.371884,22.574726,167202015,3186998010.13,,,2.0,,11.0,1174.0,563.0,,,,,,2.0,0.77009815,,BNB
74,6,2019-04-27,22.551805,22.029253,126619217,3109990591.94,,,1.0,,7.0,679.0,459.0,,,,,,10.0,0.53820973,,BNB
75,6,2019-04-28,22.099158,22.630637,135453402,3194891272.96,,,,,1.0,732.0,424.0,,,,,,6.0,0.3993436,,BNB
76,6,2019-04-29,22.496481,21.493293,116579125,3034326176.19,,,,,7.0,756.0,442.0,,,,,,8.0,0.37001515,,BNB
77,6,2019-04-30,21.947355,21.927347,107654906,3095603962.43,,,,,4.0,765.0,472.0,,,,,,9.0,0.39997098,,BNB
78,6,2019-05-01,22.12743,21.726927,101451090,3067309570.68,,,,,4.0,670.0,447.0,,,,,,4.0,0.18613271,,BNB
79,6,2019-05-02,22.059387,23.358801,148353511,3297690182.64,,,1.0,,6.0,999.0,625.0,,,,,,11.0,0.51948511,,BNB
80,6,2019-05-03,24.458339,23.316313,133100338,3291691918.41,,,3.0,,3.0,676.0,435.0,,,,,,9.0,0.69394829,,BNB
81,6,2019-05-04,23.679349,22.797552,106997732,3218455579.92,,,6.0,,,559.0,372.0,,,,,,7.0,0.70843583,,BNB
82,6,2019-05-05,22.582946,22.797041,92400340,3218383439.24,,,5.0,,,598.0,401.0,,,,,,4.0,0.60967576,,BNB
83,6,2019-05-06,22.875453,22.078573,101489971,3116953367.12,,,2.0,,5.0,673.0,409.0,,,,,,7.0,0.48293268,,BNB
84,6,2019-05-07,22.238292,20.527687,93688845,2898006275.76,,,,,,810.0,471.0,,,,,,9.0,0.51589684,,BNB
85,6,2019-05-08,21.173706,20.596533,163709670,2907725643.56,,,,,1.0,1204.0,528.0,,,,,,19.0,0.76509295,,BNB
86,6,2019-05-09,21.204062,18.804125,125070718,2654681565.45,,,1.0,,1.0,973.0,520.0,,,,,,5.0,0.98543126,,BNB
87,6,2019-05-10,19.445981,19.588358,138859693,2765396043.69,,,,,10.0,928.0,564.0,,,,,,13.0,1.34822452,,BNB
88,6,2019-05-11,22.078306,21.324094,224561738,3010439424.42,,,,,22.0,852.0,558.0,,,,,,3.0,0.39276551,,BNB
89,6,2019-05-12,20.473685,21.008313,171165058,2965858886.93,,,,,1.0,682.0,474.0,,,,,,4.0,0.46304226,,BNB
90,6,2019-05-13,23.296469,24.381407,319663330,3442057086.01,,,,,1.0,1874.0,1189.0,,,,,,28.0,0.19413967,,BNB
91,6,2019-05-14,24.788539,23.935131,260002503,3379053852.93,,,,,7.0,2240.0,1552.0,,,,,,13.0,0.16655402,,BNB
92,6,2019-05-15,24.660158,27.012481,264647419,3813500247.83,,,7.0,,3.0,1790.0,920.0,,,,,,19.0,0.19346885,,BNB
93,6,2019-05-16,26.30158,26.309018,296650397,4888959017.0,,,15.0,,5.0,1201.0,676.0,,,,,,11.0,0.18858008,,BNB
94,6,2019-05-17,24.647405,25.846582,266960400,4860493336.0,,,5.0,,3.0,1010.0,635.0,,,,,,13.0,0.19106671,,BNB
95,6,2019-05-18,25.497644,28.775701,306309922,4810317796.0,,,5.0,,4.0,1258.0,697.0,,,,,,4.0,0.19413967,,BNB
96,6,2019-05-19,32.501875,29.266951,336501743,4071696591.0,,,4.0,,10.0,1333.0,780.0,,,,,,11.0,1.29015898,,BNB
97,6,2019-05-20,28.549104,29.524404,324799967,4776312049.0,,,1.0,,5.0,895.0,516.0,,,,,,6.0,0.19346885,,BNB
98,6,2019-05-21,30.502687,32.213363,530756261,4515039948.0,,,2.0,,1.0,1858.0,963.0,,,,,,8.0,0.53286307,,BNB
99,6,2019-05-22,31.110429,30.860638,347219830,4329234310.0,,,11.0,,8.0,1499.0,856.0,,,,,,23.0,1.12605622,,BNB
100,6,2019-05-23,31.854373,31.750484,347249403,4443313408.0,,,5.0,,2.0,1342.0,796.0,,,,,,7.0,0.54675821,,BNB
101,6,2019-05-24,32.23217,34.223081,423607881,4813306422.0,,,4.0,,12.0,1694.0,864.0,,,,,,19.0,0.67101777,,BNB
102,6,2019-05-25,34.66343,35.427106,427844561,4882750650.0,,,1.0,,1.0,1296.0,685.0,,,,,,10.0,0.9078482,,BNB
103,6,2019-05-26,38.267753,34.15898,390011160,4882750650.0,,,5.0,,,1404.0,717.0,,,,,,10.0,0.9078482,,BNB
104,6,2019-05-27,34.688941,33.754197,385862637,4882750650.0,,,2.0,,3.0,1392.0,784.0,,,,,,12.0,0.9078482,,BNB
105,6,2019-05-28,33.529366,33.54381,316879027,4882750650.0,,,3.0,,3.0,1203.0,674.0,,,,,,5.0,0.9078482,,BNB
106,6,2019-05-29,33.32131,34.0042,362953313,4859273975.0,,,5.0,,1.0,1406.0,724.0,,,,,,19.0,0.53436133,,BNB
107,6,2019-05-30,32.345869,31.633202,325539103,4565733230.0,,,6.0,,2.0,1591.0,847.0,,,,,,16.0,0.46952053,,BNB
108,6,2019-05-31,32.653144,32.833613,297369946,4601152776.0,,,8.0,,3.0,1406.0,875.0,,,,,,15.0,0.77923171,,BNB
109,6,2019-06-01,32.872776,33.399223,377266107,4655014418.0,,,3.0,,3.0,1553.0,800.0,,,,,,15.0,0.61878989,,BNB
110,6,2019-06-02,34.112161,33.287046,262663610,4650848721.0,,,6.0,,,1080.0,694.0,,,,,,9.0,0.32875907,,BNB
111,6,2019-06-03,30.893798,30.772279,240074794,4342255375.0,,,5.0,,3.0,1275.0,867.0,,,,,,13.0,0.36080673,,BNB
112,6,2019-06-04,29.18219,29.406811,393988353,4144377264.0,,,2.0,,1.0,1360.0,858.0,,,,,,15.0,0.78806162,,BNB
113,6,2019-06-05,29.886882,30.953954,453672559,4406438320.0,,,5.0,,6.0,1253.0,809.0,,,,,,15.0,0.65345495,,BNB
114,6,2019-06-06,30.950592,31.245449,391208234,4430357016.0,,,12.0,,1.0,1180.0,732.0,,,,,,28.0,0.6058873,,BNB
115,6,2019-06-07,31.993233,31.576992,335472478,4458998120.0,,,,,,1273.0,726.0,,,,,,19.0,0.41822859,,BNB
116,6,2019-06-08,31.29198,31.962867,400500917,4538267649.0,,,,,,938.0,566.0,,,,,,10.0,0.30367482,,BNB
117,6,2019-06-09,30.80863,30.33298,323659895,4267691487.0,,,,,,752.0,479.0,,,,,,7.0,0.24873084,,BNB
118,6,2019-06-10,31.746301,32.218319,434663866,4506119042.0,,,3.0,,,1093.0,641.0,,,,,,15.0,0.40648346,,BNB
119,6,2019-06-11,31.821783,32.076113,376994775,4556365535.0,,,3.0,,6.0,1074.0,614.0,,,,,,10.0,0.38385589,,BNB
120,6,2019-06-12,33.140216,34.955124,518155482,4923536293.0,,,7.0,,1.0,1605.0,761.0,,,,,,29.0,0.51391409,,BNB
121,6,2019-06-13,35.126008,35.470716,499403429,4940059661.0,,,5.0,,2.0,1241.0,441.0,,,,,,23.0,0.83254621,,BNB
122,6,2019-06-14,37.418532,32.602154,668832222,4614442095.0,,,22.0,,7.0,1849.0,507.0,,,,,,22.0,0.7268607,,BNB
123,6,2019-06-15,33.114676,32.883401,475401219,4614446660.0,,,15.0,,15.0,1041.0,508.0,,,,,,12.0,0.83486041,,BNB
124,6,2019-06-16,33.374325,32.223965,369583235,4604142649.0,,,5.0,,10.0,942.0,492.0,,,,,,2.0,0.3815193,,BNB
125,6,2019-06-17,33.460384,34.032321,510988319,4819548426.0,,,10.0,,4.0,881.0,360.0,,,,,,15.0,0.33479121,,BNB
126,6,2019-06-18,33.134615,34.526177,552982319,4881176479.0,,,18.0,,4.0,940.0,409.0,,,,,,21.0,0.55849626,,BNB
127,6,2019-06-19,40.094566,35.397015,588527821,4975351789.0,,,14.0,,8.0,1332.0,372.0,,,,,,24.0,0.36819478,,BNB
128,6,2019-06-20,36.303402,36.862558,736413764,5168650285.0,,,18.0,,2.0,1156.0,507.0,,,,,,38.0,0.36082637,,BNB
129,6,2019-06-21,39.646074,39.037885,531377336,5447581189.0,,,16.0,,4.0,1026.0,491.0,,,,,,28.0,0.58128537,,BNB
130,6,2019-06-22,40.880547,37.997323,508813193,5331808119.0,,,15.0,,1.0,1094.0,499.0,,,,,,20.0,0.63874621,,BNB
131,6,2019-06-23,38.508955,37.348059,428981602,5243262383.0,,,7.0,,9.0,895.0,515.0,,,,,,10.0,0.35706674,,BNB
132,6,2019-06-24,37.905038,37.518557,380089981,5266583175.0,,,9.0,,2.0,882.0,489.0,,,,,,23.0,0.39615009,,BNB
133,6,2019-06-25,39.909843,36.234971,329506722,5130695825.0,,,8.0,,,1036.0,586.0,,,,,,16.0,0.27205953,,BNB
134,6,2019-06-26,39.865748,36.101875,489691147,5031151875.0,,,19.0,,4.0,1601.0,534.0,,,,,,26.0,0.29730626,,BNB
135,6,2019-06-27,31.420033,34.37362,449054086,4743452650.0,,,19.0,,9.0,1376.0,689.0,,,,,,25.0,0.65920041,,BNB
136,6,2019-06-28,37.867684,35.004067,314057601,4877019449.0,,,22.0,,17.0,1275.0,683.0,,,,,,22.0,0.72024636,,BNB
137,6,2019-06-29,33.665383,35.551224,357591456,4935304551.0,,,12.0,,7.0,843.0,491.0,,,,,,14.0,0.34088132,,BNB
138,6,2019-06-30,32.271216,32.297068,269287213,4608155618.0,,,13.0,,3.0,923.0,535.0,,,,,,19.0,0.46065533,,BNB
139,6,2019-07-01,31.66814,33.339481,285999985,4613806725.0,,,13.0,,,1131.0,647.0,,,,,,26.0,0.73083395,,BNB
140,6,2019-07-02,34.051203,32.261511,321552867,4511328993.0,,,6.0,,2.0,1128.0,616.0,,,,,,24.0,0.51093977,,BNB
141,6,2019-07-03,35.477814,32.946073,229187176,4610636200.0,,,7.0,,3.0,860.0,472.0,,,,,,21.0,0.39064143,,BNB
142,6,2019-07-04,30.775659,33.023499,337132518,4612075769.0,,,10.0,,,1022.0,544.0,,,,,,18.0,0.45380391,,BNB
143,6,2019-07-05,32.669756,32.767622,211850307,4657652301.0,,,20.0,,,946.0,618.0,,,,,,26.0,0.41972477,,BNB
144,6,2019-07-06,33.354307,32.590947,167217681,4593568906.0,,,12.0,,,787.0,525.0,,,,,,15.0,0.26791565,,BNB
145,6,2019-07-07,33.225866,33.239916,174367842,4706624863.0,,,11.0,,2.0,666.0,372.0,,,,,,17.0,0.16322564,,BNB
146,6,2019-07-08,35.55525,33.803249,227545529,4738977253.0,,,18.0,,7.0,1070.0,529.0,,,,,,25.0,0.29866998,,BNB
147,6,2019-07-09,34.574015,32.735772,193093709,4622230943.0,,,11.0,,4.0,897.0,474.0,,,,,,26.0,0.31009483,,BNB
148,6,2019-07-10,31.409889,31.196928,248835909,4407625301.0,,,14.0,,3.0,857.0,443.0,,,,,,38.0,0.43594332,,BNB
149,6,2019-07-11,29.240714,29.374066,238768980,4190113971.0,,,12.0,,2.0,868.0,455.0,,,,,,32.0,0.82619134,,BNB
150,6,2019-07-12,30.469686,32.206556,392522995,4470217244.0,,,23.0,,3.0,1206.0,488.0,,,,,,41.0,0.89777382,,BNB
151,6,2019-07-13,31.061271,31.584244,259893666,4417817242.0,,,14.0,,2.0,834.0,477.0,,,,,,33.0,0.87428952,,BNB
152,6,2019-07-14,28.266885,28.706862,275681916,4052529845.0,,,9.0,,,672.0,349.0,,,,,,27.0,0.5604409,,BNB
153,6,2019-07-15,30.363984,28.782754,364972368,3177260886.0,,,19.0,,,814.0,517.0,,,,,,31.0,1.10340421,,BNB
154,6,2019-07-16,24.987265,25.115584,391262867,2784402204.0,,,14.0,,,881.0,476.0,,,,,,29.0,0.76153147,,BNB
155,6,2019-07-17,25.850023,27.672304,585466814,3026750632.0,,,8.0,,,760.0,407.0,,,,,,21.0,1.10031094,,BNB
156,6,2019-07-18,30.288385,29.082634,668608132,4508287365.0,,,11.0,,,804.0,434.0,,,,,,24.0,1.12970142,,BNB
157,6,2019-07-19,28.845661,29.199858,472416840,4533550682.0,,,5.0,,,644.0,392.0,,,,,,25.0,0.83376133,,BNB
158,6,2019-07-20,29.798712,31.175073,354109517,4790569197.0,,,4.0,,,809.0,498.0,,,,,,17.0,0.623212,,BNB
159,6,2019-07-21,30.685579,30.427463,276932586,4763161979.0,,,3.0,,,737.0,452.0,,,,,,8.0,0.67278142,,BNB
160,6,2019-07-22,29.653262,30.75706,375251499,4758697230.0,,,5.0,,2.0,912.0,440.0,,,,,,23.0,0.43560019,,BNB
161,6,2019-07-23,29.425985,29.419542,288877837,4510594259.0,,,4.0,,,744.0,448.0,,,,,,19.0,0.48065997,,BNB
162,6,2019-07-24,29.130948,28.878884,248452412,4493002912.0,,,11.0,,1.0,675.0,432.0,,,,,,19.0,0.7031152,,BNB
163,6,2019-07-25,29.25321,28.986724,237806564,4509170190.0,,,5.0,,,636.0,404.0,,,,,,7.0,0.45725452,,BNB
164,6,2019-07-26,28.801777,28.989982,214274214,4548941908.0,,,6.0,,,732.0,509.0,,,,,,27.0,0.3242015,,BNB
165,6,2019-07-27,27.870299,27.712351,177604642,4299247735.0,,,3.0,,2.0,487.0,246.0,,,,,,13.0,0.38221487,,BNB
166,6,2019-07-28,27.90832,27.731904,153255077,4290324518.0,,,3.0,,,541.0,334.0,,,,,,5.0,0.58648017,,BNB
167,6,2019-07-29,27.652591,26.967797,142767967,4212492983.0,,,4.0,,,625.0,403.0,,,,,,24.0,0.29995302,,BNB
168,6,2019-07-30,27.177452,26.993346,140159404,4203150903.0,,,8.0,,8.0,580.0,321.0,,,,,,9.0,0.35600896,,BNB
169,6,2019-07-31,28.421638,27.817133,191023553,,,,3.0,7.0,,,,,,,,,,,,BNB
170,6,2019-08-01,28.486999,28.734769,265154131,,,,11.0,44.0,,,,,,,,,,,,BNB
171,6,2019-08-02,29.062985,28.090567,185612046,,,,13.0,112.0,3.0,,,,,,,,,,,BNB
172,6,2019-08-03,28.866114,27.725658,140016058,,,,3.0,9.0,,,,,,,,,,,,BNB
173,6,2019-08-04,28.10976,27.458137,119835141,,,,10.0,145.0,3.0,,,,,,,,,,,BNB
174,6,2019-08-05,29.443964,27.858638,158246375,,,,10.0,2064.0,12.0,,,,,,,,,,,BNB
175,6,2019-08-06,27.168115,27.644045,167577647,,,,9.0,198.0,6.0,,,,,,,,,,,BNB
176,6,2019-08-07,28.714582,29.626415,287558988,,,,13.0,328.0,1.0,,,,,,,,,,,BNB
177,6,2019-08-08,29.655345,31.088437,345582410,,,,15.0,226.0,4.0,,,,,,,,,,,BNB
178,6,2019-08-09,30.756701,29.791752,172561738,,,,26.0,1688.0,6.0,,,,,,,,,,,BNB
179,6,2019-08-10,28.363424,29.623624,167155027,,,,8.0,203.0,,,,,,,,,,,,BNB
180,6,2019-08-11,30.282551,30.244609,191441695,,,,8.0,50.0,,,,,,,,,,,,BNB
181,6,2019-08-12,29.865246,30.184259,192002383,,,,8.0,71.0,,,,,,,,,,,,BNB
182,6,2019-08-13,28.889353,29.450115,165542375,,,,,,,,,,,,,,,,,BNB
183,6,2019-08-14,27.082805,26.942743,212575301,,,,5.0,17.0,2.0,,,,,,,,,,,BNB
184,6,2019-08-15,27.65888,28.145938,216845724,,,,4.0,6.0,,,,,,,,,,,,BNB
185,6,2019-08-16,28.249087,27.539298,166885401,,,,1.0,4.0,,,,,,,,,,,,BNB
186,6,2019-08-17,27.209537,27.473136,160323721,,,,3.0,37.0,,,,,,,,,,,,BNB
187,6,2019-08-18,27.768805,27.936821,209131494,,,,1.0,6.0,1.0,,,,,,,,,,,BNB
188,6,2019-08-19,29.547851,28.83774,250330103,,,,6.0,32.0,,,,,,,,,,,,BNB
189,6,2019-08-20,28.378623,28.039813,200693555,,,,2.0,93.0,,,,,,,,,,,,BNB
190,6,2019-08-21,26.47849,26.976819,176282355,,,,3.0,4.0,2.0,,,,,,,,,,,BNB
191,6,2019-08-22,26.871465,27.006809,169497902,,,,2.0,2.0,1.0,,,,,,,,,,,BNB
192,6,2019-08-23,27.646235,26.85909,173011103,,,,,,,,,,,,,,,,,BNB
193,6,2019-08-24,26.322123,26.349644,145193940,,,,2.0,7.0,,,,,,,,,,,,BNB
194,6,2019-08-25,26.24325,26.04094,148261435,,,,,,,,,,,,,,,,,BNB
195,6,2019-08-26,26.710842,26.181553,246982336,,,,4.0,14.0,1.0,,,,,,,,,,,BNB
196,6,2019-08-27,25.602379,25.539141,175491444,,,,2.0,9.0,,,,,,,,,,,,BNB
197,6,2019-08-28,24.427441,23.383121,174514731,,,,5.0,7.0,5.0,635.0,277.0,,,,,,26.0,1.30888275,,BNB
198,6,2019-08-29,22.843685,21.821036,171108498,,,,5.0,12.0,,562.0,283.0,,,,,,20.0,1.12630905,,BNB
199,6,2019-08-30,22.004141,22.177748,176067527,,,,2.0,9.0,,475.0,282.0,,,,,,11.0,0.26710447,,BNB
200,6,2019-08-31,22.206387,21.088668,146385462,,,,1.0,,,512.0,261.0,,,,,,15.0,0.3835848,,BNB
201,6,2019-09-01,21.410651,21.507178,153944594,,4.0,4.0,3.0,7.0,1.0,685.0,312.0,,,,,,19.0,0.34020045,,BNB
202,6,2019-09-02,22.836823,22.842757,217054339,,,,1.0,4.0,1.0,614.0,319.0,,,,,,26.0,0.58483323,,BNB
203,6,2019-09-03,23.332929,22.344992,154037444,,,,7.0,4.0,,699.0,369.0,,,,,,15.0,0.40326864,,BNB
204,6,2019-09-04,22.268105,21.7024,129676691,,,,4.0,7.0,,786.0,362.0,,,,,,14.0,0.43642457,,BNB
205,6,2019-09-05,21.740682,22.713015,238536491,,,,1.0,2.0,,803.0,308.0,,,,,,20.0,0.5725991,,BNB
206,6,2019-09-06,22.089355,22.031234,204088458,,,,2.0,14.0,,485.0,269.0,,,,,,6.0,0.43899468,,BNB
207,6,2019-09-07,22.429676,22.480826,178137725,,,,4.0,8.0,,449.0,246.0,,,,,,4.0,0.2388942,,BNB
208,6,2019-09-08,22.332527,22.438388,152959979,,,,1.0,6.0,3.0,548.0,317.0,,,,,,15.0,0.19404487,,BNB
209,6,2019-09-09,22.25864,22.146295,132465329,,353.0,65.0,6.0,11.0,2.0,770.0,432.0,201210.0,2.0,32.0,9.0,53.0,15.0,0.17809846,,BNB
210,6,2019-09-10,21.698415,21.791221,119298364,3441594799.65,119.0,31.0,5.0,20.0,2.0,830.0,333.0,738372.0,0.0,40.0,25.0,128.0,20.0,0.35269512,,BNB
211,6,2019-09-11,21.921261,20.770878,126258593,,146.0,108.0,7.0,261.0,22.0,334.0,202.0,1525078.0,9.0,111.0,60.0,395.0,3.0,,,BNB
212,6,2019-09-12,21.248757,20.841533,175245246,3198809773.64,229.0,175.0,40.0,188.0,73.0,1043.0,404.0,2160138.0,11.0,343.0,145.0,623.0,20.0,0.01241786,,BNB
213,6,2019-09-13,20.710986,20.814651,152159360,3284258312.97,160.0,125.0,11.0,32.0,45.0,1112.0,331.0,1077384.0,16.0,79.0,38.0,337.0,12.0,0.01225395,,BNB
214,6,2019-09-14,20.846616,21.017649,141697626,3243701455.03,183.0,129.0,32.0,86.0,51.0,607.0,397.0,1561048.0,14.0,158.0,42.0,418.0,2.0,0.01138646,,BNB
215,6,2019-09-15,20.892325,20.313973,129688175,3226392366.71,198.0,140.0,23.0,76.0,22.0,604.0,400.0,3258873.0,30.0,479.0,165.0,1978.0,2.0,0.01074939,,BNB
216,6,2019-09-16,20.344265,20.308914,117901601,3127015167.78,253.0,165.0,21.0,233.0,41.0,844.0,503.0,4747435.0,21.0,381.0,95.0,1399.0,4.0,0.01344275,,BNB
217,6,2019-09-17,20.160674,21.02153,188757992,3225318907.73,342.0,160.0,30.0,113.0,35.0,850.0,596.0,4972266.0,106.0,817.0,478.0,3169.0,9.0,0.01604712,,BNB
218,6,2019-09-18,21.018855,22.224777,336839363,3439754981.82,560.0,205.0,39.0,192.0,39.0,1243.0,619.0,6350690.0,42.0,464.0,283.0,2154.0,8.0,0.02488425,,BNB
219,6,2019-09-19,22.438812,21.550191,212076769,3269828394.81,155.0,123.0,24.0,276.0,16.0,540.0,371.0,2425035.0,14.0,168.0,72.0,881.0,8.0,0.01866153,,BNB
220,6,2019-09-20,21.326112,21.239101,174415125,3333661063.81,129.0,104.0,23.0,298.0,80.0,403.0,278.0,467996.0,2.0,56.0,14.0,109.0,10.0,0.0060407,,BNB
221,6,2019-09-21,20.886981,20.950983,152769013,3253264003.69,180.0,140.0,33.0,502.0,53.0,610.0,309.0,820744.0,15.0,125.0,102.0,522.0,3.0,0.00965502,,BNB
222,6,2019-09-22,21.061315,20.389092,130489000,3189424034.35,148.0,109.0,9.0,160.0,18.0,705.0,360.0,928168.0,108.0,436.0,380.0,919.0,,0.01383903,,BNB
223,6,2019-09-23,19.693124,19.300485,122070879,3103861158.16,338.0,179.0,17.0,289.0,68.0,748.0,431.0,3090881.0,35.0,238.0,137.0,872.0,13.0,0.02193904,,BNB
224,6,2019-09-24,16.925763,15.878315,193168212,2966327741.03,294.0,183.0,31.0,63.0,18.0,1555.0,515.0,5808516.0,102.0,765.0,236.0,2535.0,16.0,0.05634709,,BNB
225,6,2019-09-25,15.789183,16.102139,150041438,2372894612.5,237.0,172.0,23.0,71.0,65.0,1080.0,441.0,7938540.0,42.0,314.0,192.0,973.0,8.0,0.10167124,,BNB
226,6,2019-09-26,15.387058,15.240224,136697373,2528927042.31,132.0,107.0,22.0,102.0,128.0,635.0,360.0,3725477.0,46.0,655.0,612.0,1186.0,1.0,0.03967973,,BNB
227,6,2019-09-27,15.510734,15.705934,118881867,2352609147.36,170.0,119.0,15.0,18.0,10.0,740.0,364.0,3187346.0,18.0,415.0,193.0,826.0,2.0,0.0132706,,BNB
228,6,2019-09-28,15.737827,15.755632,107355544,2417226148.66,153.0,125.0,14.0,130.0,30.0,1924.0,622.0,7800138.0,177.0,1463.0,1694.0,1756.0,6.0,0.00965675,,BNB
229,6,2019-09-29,15.439269,15.239825,93824259,2336738287.34,172.0,139.0,15.0,65.0,20.0,699.0,402.0,2047831.0,21.0,235.0,89.0,844.0,10.0,0.01518061,,BNB
230,6,2019-09-30,15.739753,15.891819,107915250,2377825826.64,194.0,164.0,29.0,431.0,51.0,690.0,588.0,2343275.0,43.0,302.0,118.0,654.0,9.0,0.02156226,,BNB
231,6,2019-10-01,15.869849,15.896789,109013540,2478816188.35,175.0,142.0,19.0,72.0,7.0,493.0,413.0,814113.0,2.0,64.0,24.0,194.0,7.0,0.00988686,,BNB
232,6,2019-10-02,16.003111,15.88095,92792732,2436893887.0,272.0,187.0,20.0,640.0,22.0,499.0,477.0,2771134.0,17.0,184.0,112.0,684.0,7.0,0.00636549,,BNB
233,6,2019-10-03,15.638615,15.664117,103669234,2432944162.88,221.0,173.0,17.0,1063.0,75.0,955.0,378.0,2103901.0,52.0,652.0,689.0,1104.0,2.0,0.00936333,,BNB
234,6,2019-10-04,15.522072,15.650776,108317346,2412042789.14,151.0,124.0,20.0,31.0,5.0,571.0,399.0,692653.0,8.0,111.0,75.0,230.0,3.0,0.00754889,,BNB
235,6,2019-10-05,15.64702,15.730289,107756505,2408853486.51,158.0,126.0,12.0,148.0,13.0,336.0,260.0,460214.0,3.0,63.0,41.0,395.0,1.0,0.01701825,,BNB
236,6,2019-10-06,15.19099,15.074513,104361725,2373381204.18,143.0,120.0,15.0,31.0,5.0,524.0,349.0,406105.0,7.0,41.0,21.0,139.0,2.0,0.02431482,,BNB
237,6,2019-10-07,15.74886,16.070039,133576202,2451260972.03,211.0,162.0,6.0,8.0,6.0,449.0,473.0,1358829.0,15.0,128.0,33.0,402.0,7.0,0.02254987,,BNB
238,6,2019-10-08,15.992357,15.995321,122429325,2479452830.09,263.0,195.0,16.0,21.0,6.0,780.0,643.0,2695973.0,25.0,273.0,121.0,1142.0,7.0,0.01133665,,BNB
239,6,2019-10-09,16.817319,17.768005,272867162,2690704528.93,312.0,240.0,21.0,68.0,40.0,914.0,669.0,2786521.0,51.0,350.0,178.0,1515.0,20.0,0.03338955,,BNB
240,6,2019-10-10,17.766761,17.596763,198815219,2673175700.48,201.0,151.0,18.0,22.0,,712.0,458.0,3516112.0,17.0,300.0,242.0,971.0,7.0,0.01163508,,BNB
241,6,2019-10-11,16.970555,16.604472,163679265,2625137458.54,178.0,131.0,15.0,210.0,20.0,511.0,370.0,2388288.0,17.0,259.0,101.0,1020.0,4.0,0.01394449,,BNB
242,6,2019-10-12,16.667686,17.219076,193622217,2637800357.17,189.0,147.0,11.0,74.0,27.0,575.0,406.0,3123649.0,19.0,227.0,135.0,1429.0,9.0,0.01388817,,BNB
243,6,2019-10-13,17.168149,18.296492,238212968,2774229656.94,235.0,181.0,23.0,32.0,8.0,872.0,467.0,3788793.0,49.0,320.0,502.0,1900.0,12.0,0.01869916,,BNB
244,6,2019-10-14,18.444983,18.468636,213769145,2821820081.18,349.0,212.0,31.0,104.0,29.0,1209.0,532.0,10336873.0,116.0,923.0,380.0,3387.0,17.0,0.01015835,,BNB
245,6,2019-10-15,18.079298,18.599032,291583388,2955048329.55,272.0,214.0,22.0,36.0,6.0,1324.0,769.0,5286492.0,281.0,1732.0,1649.0,3146.0,17.0,0.01454711,,BNB
246,6,2019-10-16,18.177816,17.751613,202714679,2757796541.05,249.0,169.0,21.0,35.0,3.0,1023.0,1061.0,6134412.0,49.0,536.0,206.0,1430.0,18.0,0.01941326,,BNB
247,6,2019-10-17,17.914162,18.534569,221604504,2890046837.79,227.0,195.0,18.0,45.0,15.0,882.0,664.0,6228155.0,93.0,295.0,144.0,966.0,17.0,0.01791842,,BNB
248,6,2019-10-18,18.273309,18.229419,179064857,2842926799.77,224.0,170.0,17.0,62.0,18.0,701.0,397.0,2535742.0,82.0,688.0,489.0,1114.0,8.0,0.0102702,,BNB
249,6,2019-10-19,18.254837,18.2389,180627276,2822923453.13,192.0,140.0,8.0,27.0,14.0,648.0,316.0,5357485.0,17.0,177.0,339.0,710.0,7.0,0.00544842,,BNB
250,6,2019-10-20,18.825704,18.514027,195965903,2809516678.39,184.0,156.0,19.0,180.0,17.0,728.0,341.0,1571274.0,6.0,70.0,18.0,266.0,7.0,0.00895518,,BNB
251,6,2019-10-21,18.479557,18.284848,160558411,2839013933.81,135.0,89.0,10.0,53.0,16.0,301.0,229.0,284537.0,4.0,47.0,10.0,92.0,4.0,0.00735466,,BNB
252,6,2019-10-22,17.91383,18.250224,198378611,2909894563.29,121.0,81.0,16.0,18.0,17.0,581.0,486.0,2747932.0,13.0,1852.0,29.0,589.0,3.0,0.0106582,,BNB
253,6,2019-10-23,17.063496,16.72264,169897235,2647010780.07,78.0,70.0,20.0,222.0,8.0,446.0,385.0,697253.0,52.0,2148.0,4.0,600.0,17.0,0.03810671,,BNB
254,6,2019-10-24,16.644945,16.996224,173839182,2591121856.75,192.0,159.0,12.0,134.0,14.0,574.0,376.0,1400298.0,10.0,803.0,46.0,401.0,15.0,0.02509682,,BNB
255,6,2019-10-25,19.685953,18.628343,300605756,2774490694.11,157.0,132.0,23.0,105.0,6.0,559.0,346.0,6899301.0,38.0,251.0,106.0,1289.0,9.0,0.04082393,,BNB
256,6,2019-10-26,19.744816,18.960307,242185205,2890701707.69,163.0,135.0,9.0,57.0,5.0,539.0,471.0,3386897.0,65.0,705.0,618.0,1035.0,2.0,0.05367247,,BNB
257,6,2019-10-27,19.513132,19.305505,250763684,2953461580.48,190.0,153.0,15.0,106.0,21.0,546.0,442.0,1417697.0,19.0,159.0,30.0,550.0,5.0,0.04208417,,BNB
258,6,2019-10-28,18.711074,19.959492,297600773,3115121949.23,196.0,161.0,18.0,22.0,20.0,553.0,402.0,640180.0,18.0,82.0,34.0,413.0,4.0,0.02811815,,BNB
259,6,2019-10-29,20.375692,20.76125,271257789,3208714132.09,198.0,169.0,9.0,51.0,31.0,608.0,474.0,1581999.0,2.0,1571.0,17.0,317.0,9.0,0.01342135,,BNB
260,6,2019-10-30,20.193145,20.059025,215860842,3042306416.65,190.0,152.0,7.0,39.0,27.0,679.0,327.0,1319916.0,4.0,79.0,11.0,108.0,5.0,0.02046216,,BNB
261,6,2019-10-31,20.007467,19.890989,212454615,3121778574.93,374.0,188.0,9.0,64.0,16.0,743.0,586.0,434670.0,70.0,422.0,105.0,527.0,7.0,0.01122635,,BNB
262,6,2019-11-01,20.150967,20.043486,166123578,3113706065.33,261.0,148.0,8.0,89.0,8.0,710.0,403.0,1880875.0,5.0,62.0,22.0,217.0,11.0,0.00652302,,BNB
263,6,2019-11-02,20.150773,20.235825,242304566,3154517126.62,205.0,162.0,22.0,25.0,14.0,455.0,589.0,467150.0,5.0,48.0,24.0,158.0,10.0,0.00764715,,BNB
264,6,2019-11-03,20.027087,20.209517,222027834,3121464642.41,206.0,175.0,10.0,56.0,19.0,955.0,968.0,1065743.0,9.0,220.0,152.0,431.0,7.0,0.00700281,,BNB
265,6,2019-11-04,20.65597,20.685874,254537936,3186120855.53,260.0,183.0,6.0,11.0,6.0,751.0,567.0,1901540.0,25.0,182.0,67.0,567.0,8.0,0.01188708,,BNB
266,6,2019-11-05,20.500691,20.71166,225682388,3210700901.32,398.0,250.0,5.0,9.0,24.0,1074.0,591.0,3306999.0,26.0,180.0,65.0,499.0,9.0,0.00626624,,BNB
267,6,2019-11-06,20.726864,20.666837,197146514,3225335450.31,358.0,247.0,4.0,28.0,54.0,1186.0,801.0,4847875.0,27.0,242.0,97.0,802.0,4.0,0.00486788,,BNB
268,6,2019-11-07,20.405536,20.427515,185191198,3146139522.29,319.0,207.0,7.0,73.0,96.0,885.0,542.0,3780196.0,15.0,132.0,37.0,441.0,8.0,0.00837978,,BNB
269,6,2019-11-08,19.509456,19.6256,154793178,3095413933.44,314.0,214.0,3.0,3.0,11.0,590.0,442.0,388961.0,12.0,76.0,5.0,221.0,9.0,0.01606668,,BNB
270,6,2019-11-09,19.721094,19.736003,141153867,3088481827.0,174.0,142.0,5.0,11.0,27.0,863.0,363.0,1805758.0,7.0,134.0,72.0,527.0,2.0,0.01066711,,BNB
271,6,2019-11-10,20.21438,20.448269,201308830,3148686802.0,189.0,159.0,8.0,52.0,13.0,621.0,314.0,529507.0,8.0,120.0,31.0,289.0,9.0,0.01400385,,BNB
272,6,2019-11-11,19.748543,20.076156,170997307,3102983104.0,212.0,172.0,9.0,49.0,8.0,908.0,566.0,2122630.0,17.0,154.0,68.0,517.0,6.0,0.01087573,,BNB
273,6,2019-11-12,20.293317,20.948943,192682819,3139037084.0,659.0,188.0,11.0,43.0,9.0,1547.0,497.0,4182570.0,45.0,454.0,321.0,1336.0,9.0,0.01203918,,BNB
274,6,2019-11-13,20.820705,21.360675,220605833,3338100194.0,822.0,649.0,11.0,44.0,8.0,995.0,419.0,1094615.0,12.0,621.0,17.0,338.0,13.0,0.02130243,,BNB
275,6,2019-11-14,21.041979,21.258803,200326575,3249311430.0,876.0,729.0,5.0,7.0,6.0,575.0,423.0,707410.0,4.0,86.0,26.0,242.0,4.0,0.01108972,,BNB
276,6,2019-11-15,20.909364,20.270225,186845359,3268264791.0,711.0,607.0,3.0,18.0,8.0,1278.0,360.0,717303.0,3.0,87.0,27.0,264.0,4.0,0.01676646,,BNB
277,6,2019-11-16,20.330251,20.178616,175974189,3120723683.0,577.0,561.0,3.0,54.0,2.0,909.0,439.0,525260.0,3.0,44.0,16.0,115.0,1.0,0.01264294,,BNB
278,6,2019-11-17,20.224879,20.183085,183708558,3140984851.0,372.0,313.0,3.0,19.0,2.0,481.0,243.0,314929.0,9.0,35.0,11.0,122.0,6.0,0.00658303,,BNB
279,6,2019-11-18,19.458075,19.075859,172828787,3058667497.0,163.0,133.0,4.0,18.0,8.0,296.0,240.0,1945194.0,13.0,70.0,19.0,273.0,1.0,0.01884066,,BNB
280,6,2019-11-19,18.940473,18.488598,164607560,2825869237.0,301.0,243.0,8.0,26.0,7.0,841.0,399.0,1146430.0,16.0,108.0,24.0,277.0,2.0,0.02400239,,BNB
281,6,2019-11-20,18.400597,18.080178,168520193,2852563622.0,452.0,288.0,6.0,34.0,7.0,1179.0,514.0,3547820.0,18.0,199.0,90.0,825.0,2.0,0.0135544,,BNB
282,6,2019-11-21,17.108886,16.807656,173819300,2683434769.0,255.0,225.0,10.0,51.0,13.0,1218.0,443.0,1138684.0,11.0,124.0,44.0,415.0,5.0,0.03387032,,BNB
283,6,2019-11-22,16.062942,15.534544,238837806,2454929921.0,231.0,213.0,9.0,85.0,14.0,1457.0,338.0,1531949.0,21.0,92.0,53.0,283.0,5.0,0.04730029,,BNB
284,6,2019-11-23,15.612131,16.284646,215218222,2396467288.0,253.0,215.0,9.0,79.0,7.0,1024.0,355.0,2150109.0,9.0,78.0,66.0,478.0,,0.0314385,,BNB
285,6,2019-11-24,15.422454,15.048494,184537595,2460531821.0,379.0,334.0,6.0,44.0,10.0,2235.0,377.0,1897209.0,12.0,170.0,111.0,475.0,,0.02877421,,BNB
286,6,2019-11-25,15.488199,15.219042,190790557,2319221560.0,444.0,327.0,5.0,15.0,7.0,865.0,505.0,2303244.0,19.0,158.0,82.0,548.0,7.0,0.03354387,,BNB
287,6,2019-11-26,15.27588,15.38751,169687784,2371245798.0,295.0,252.0,9.0,76.0,4.0,681.0,493.0,645996.0,6.0,128.0,33.0,366.0,3.0,0.01799865,,BNB
288,6,2019-11-27,16.105391,16.100225,189501395,2393572185.0,302.0,230.0,7.0,16.0,8.0,1612.0,554.0,3195331.0,61.0,581.0,325.0,1288.0,3.0,0.0191184,,BNB
289,6,2019-11-28,15.919266,15.56299,156479095,2433587398.0,315.0,212.0,7.0,39.0,12.0,1122.0,454.0,7996422.0,17.0,293.0,119.0,1011.0,8.0,0.01682918,,BNB
290,6,2019-11-29,16.160409,16.269103,171938185,2482054639.0,365.0,249.0,3.0,24.0,16.0,870.0,656.0,6245489.0,35.0,309.0,208.0,966.0,2.0,0.01241689,,BNB
291,6,2019-11-30,15.887468,15.742932,176917623,2488675713.0,252.0,220.0,5.0,42.0,5.0,1518.0,594.0,7640560.0,27.0,186.0,149.0,856.0,,0.0174588,,BNB
292,6,2019-12-01,15.450895,15.45751,174323689,2376262105.0,280.0,176.0,2.0,17.0,18.0,1470.0,506.0,7170762.0,14.0,250.0,96.0,973.0,3.0,0.01817464,,BNB
293,6,2019-12-02,15.237374,15.134772,160001317,2377260724.0,266.0,201.0,12.0,43.0,6.0,1466.0,443.0,5171000.0,12.0,292.0,141.0,850.0,21.0,0.00862915,,BNB
294,6,2019-12-03,15.148482,15.253966,166675650,2367792107.0,295.0,219.0,13.0,56.0,1.0,1470.0,432.0,2091322.0,4.0,146.0,68.0,642.0,15.0,0.00679081,,BNB
295,6,2019-12-04,15.076127,15.145116,191523460,2369325011.0,388.0,229.0,4.0,7.0,7.0,862.0,452.0,7923313.0,37.0,213.0,99.0,693.0,3.0,0.01135696,,BNB
296,6,2019-12-05,15.498151,15.649042,206042215,2431418866.0,279.0,212.0,2.0,17.0,2.0,2504.0,485.0,5251365.0,10.0,119.0,124.0,439.0,,0.01289706,,BNB
297,6,2019-12-06,15.941011,15.690688,192663219,2402814089.0,212.0,177.0,1.0,1.0,5.0,820.0,364.0,2803909.0,4.0,81.0,21.0,206.0,8.0,0.0076149,,BNB
298,6,2019-12-07,15.622721,15.631299,193276624,2437918203.0,101.0,85.0,3.0,33.0,5.0,293.0,242.0,487502.0,4.0,29.0,9.0,90.0,2.0,0.00668825,,BNB
299,6,2019-12-08,15.679053,15.605847,175036980,2426539754.0,359.0,254.0,6.0,38.0,1.0,1256.0,468.0,1206918.0,41.0,498.0,330.0,699.0,3.0,0.00502403,,BNB
300,6,2019-12-09,15.258621,15.336321,169376318,2429486305.0,346.0,247.0,13.0,28.0,6.0,974.0,463.0,1062263.0,6.0,45.0,18.0,127.0,3.0,0.00866839,,BNB
301,6,2019-12-10,15.097664,14.803668,165379041,2345742296.0,253.0,197.0,6.0,45.0,5.0,1178.0,377.0,4374121.0,82.0,165.0,104.0,444.0,1.0,0.01804882,,BNB
302,6,2019-12-11,14.738916,14.743359,131568069,2322697688.0,390.0,254.0,7.0,19.0,10.0,1033.0,525.0,1618166.0,11.0,123.0,68.0,456.0,2.0,0.01038377,,BNB
303,6,2019-12-12,14.762211,14.721885,121461114,2285534842.0,514.0,315.0,4.0,35.0,7.0,2133.0,623.0,2677756.0,25.0,361.0,147.0,707.0,3.0,0.00837615,,BNB
304,6,2019-12-13,14.836133,14.86176,136131406,2296754120.0,349.0,204.0,3.0,15.0,1.0,991.0,415.0,1854656.0,5.0,87.0,16.0,228.0,3.0,0.00668083,,BNB
305,6,2019-12-14,14.501688,14.3917,137124993,2272669897.0,480.0,261.0,3.0,12.0,6.0,1886.0,1327.0,2817492.0,56.0,648.0,580.0,719.0,,0.01368317,,BNB
306,6,2019-12-15,14.465101,14.387959,126704239,2220298122.0,325.0,218.0,1.0,3.0,6.0,1680.0,660.0,2496488.0,8.0,181.0,72.0,385.0,,0.01121308,,BNB
307,6,2019-12-16,13.934552,13.451925,146402797,2215549359.0,557.0,237.0,2.0,5.0,,1780.0,481.0,13499973.0,29.0,519.0,122.0,948.0,3.0,0.02174837,,BNB
308,6,2019-12-17,12.917666,12.367298,123724369,2030979307.0,380.0,224.0,6.0,21.0,8.0,1883.0,411.0,9990705.0,38.0,675.0,511.0,1076.0,2.0,0.04208663,,BNB
309,6,2019-12-18,13.525849,13.644254,154084095,1946803357.0,1365.0,253.0,3.0,28.0,2.0,2892.0,534.0,2148893.0,67.0,661.0,514.0,945.0,1.0,0.0287484,,BNB
310,6,2019-12-19,13.378646,13.333565,133579900,2067025316.0,817.0,250.0,3.0,3.0,11.0,1597.0,966.0,3493791.0,9.0,228.0,112.0,548.0,,0.01951223,,BNB
311,6,2019-12-20,13.419287,13.509077,153895659,2096661270.0,438.0,214.0,6.0,28.0,,1215.0,949.0,5320488.0,26.0,482.0,437.0,712.0,1.0,0.0088888,,BNB
312,6,2019-12-21,13.421318,13.31238,138336080,2082599467.0,312.0,194.0,5.0,19.0,,1048.0,723.0,1098138.0,4.0,36.0,14.0,105.0,1.0,0.00565668,,BNB
313,6,2019-12-22,13.942154,13.795668,155686840,2084592847.0,163.0,123.0,3.0,8.0,6.0,911.0,386.0,1573157.0,15.0,235.0,267.0,407.0,,0.00937335,,BNB
314,6,2019-12-23,13.479781,13.302265,126640363,2148639162.0,179.0,136.0,3.0,18.0,7.0,607.0,437.0,1045820.0,4.0,225.0,202.0,400.0,,0.01405226,,BNB
315,6,2019-12-24,13.206872,13.34686,124863946,2093174088.0,263.0,127.0,4.0,29.0,5.0,607.0,407.0,1438396.0,19.0,144.0,97.0,422.0,2.0,0.01224056,,BNB
316,6,2019-12-25,13.235792,13.061404,121446055,2050062358.0,225.0,143.0,2.0,3.0,3.0,1183.0,296.0,1321963.0,9.0,98.0,32.0,364.0,,0.01007778,,BNB
317,6,2019-12-26,13.074158,13.13886,112369958,2053021510.0,183.0,143.0,2.0,46.0,2.0,1364.0,282.0,2014191.0,17.0,238.0,184.0,834.0,4.0,0.00753316,,BNB
318,6,2019-12-27,13.199658,13.262144,108748382,2040410778.0,100.0,81.0,,,16.0,1033.0,215.0,1241097.0,12.0,133.0,58.0,495.0,3.0,0.00669596,,BNB
319,6,2019-12-28,13.376493,13.653695,139475438,2094390995.0,218.0,133.0,,,1.0,888.0,330.0,864790.0,1.0,66.0,69.0,176.0,2.0,0.01296624,,BNB
320,6,2019-12-29,13.816774,14.074498,163436039,2160361659.0,246.0,186.0,4.0,9.0,7.0,789.0,409.0,735614.0,5.0,100.0,102.0,299.0,8.0,0.01559502,,BNB
321,6,2019-12-30,13.769238,13.796376,155757018,2201590932.0,516.0,394.0,2.0,15.0,2.0,1515.0,789.0,3976371.0,35.0,272.0,116.0,741.0,,0.01368081,,BNB
322,6,2019-12-31,13.714851,13.676108,132463049,2154977228.0,418.0,316.0,3.0,13.0,3.0,1071.0,633.0,777214.0,8.0,341.0,191.0,385.0,1.0,0.00998346,,BNB
323,6,2020-01-01,13.71543,13.679582,118382165,2144057389.0,363.0,260.0,3.0,17.0,3.0,1153.0,530.0,948587.0,9.0,168.0,192.0,408.0,1.0,0.00609637,,BNB
324,6,2020-01-02,13.299795,12.994345,88291941,2096602681.0,349.0,239.0,5.0,6.0,43.0,974.0,504.0,1989649.0,9.0,140.0,64.0,476.0,2.0,0.01701475,,BNB
325,6,2020-01-03,13.619554,13.630326,100436073,2116641488.0,237.0,191.0,4.0,43.0,13.0,556.0,363.0,1148980.0,9.0,145.0,73.0,480.0,5.0,0.01821013,,BNB
326,6,2020-01-04,13.65833,13.785374,121956664,2124242833.0,241.0,174.0,2.0,5.0,4.0,1465.0,379.0,2731222.0,53.0,362.0,250.0,1832.0,2.0,0.010218,,BNB
327,6,2020-01-05,13.77935,14.014526,139501878,2194494406.0,200.0,162.0,3.0,16.0,2.0,979.0,389.0,1319853.0,9.0,110.0,35.0,434.0,1.0,0.01417785,,BNB
328,6,2020-01-06,14.745668,14.948368,160578455,2296527372.0,222.0,172.0,8.0,55.0,3.0,882.0,697.0,2692853.0,9.0,157.0,58.0,416.0,3.0,0.0188916,,BNB
329,6,2020-01-07,15.604281,15.004245,127026973,2291077390.0,270.0,199.0,3.0,12.0,13.0,1490.0,436.0,2568166.0,34.0,577.0,519.0,1020.0,,0.01305279,,BNB
330,6,2020-01-08,14.843251,14.533128,105134312,2318005290.0,248.0,160.0,7.0,135.0,9.0,1404.0,372.0,3515962.0,25.0,362.0,271.0,1078.0,2.0,0.01549518,,BNB
331,6,2020-01-09,14.139801,14.383117,95807116,2214526890.0,282.0,208.0,6.0,43.0,6.0,1377.0,441.0,2105453.0,15.0,135.0,27.0,352.0,3.0,0.01409616,,BNB
332,6,2020-01-10,15.011476,15.027036,102598120,2223195693.0,207.0,171.0,7.0,32.0,17.0,924.0,360.0,1204299.0,24.0,185.0,48.0,527.0,1.0,0.01534325,,BNB
333,6,2020-01-11,14.716891,14.863037,115549920,2277062286.0,187.0,149.0,1.0,0.0,5.0,1410.0,314.0,2508253.0,8.0,142.0,49.0,375.0,,0.01571325,,BNB
334,6,2020-01-12,15.164732,15.286331,142056374,2339259743.0,175.0,147.0,7.0,36.0,3.0,1301.0,383.0,1968794.0,15.0,250.0,93.0,674.0,,0.00989772,,BNB
335,6,2020-01-13,15.174633,15.143745,126280277,2303273314.0,184.0,160.0,5.0,29.0,3.0,1151.0,539.0,2458724.0,16.0,263.0,87.0,936.0,,0.00917262,,BNB
336,6,2020-01-14,16.477721,16.562121,173528355,2381174264.0,166.0,145.0,7.0,36.0,18.0,916.0,492.0,2821775.0,41.0,310.0,204.0,1099.0,,0.0322557,,BNB
337,6,2020-01-15,16.541727,17.554346,207556734,2688504912.0,229.0,194.0,3.0,11.0,16.0,906.0,484.0,1055825.0,7.0,125.0,34.0,351.0,,0.03977748,,BNB
338,6,2020-01-16,17.405832,17.002164,162868728,2591646508.0,128.0,94.0,4.0,27.0,2.0,969.0,218.0,1010090.0,12.0,130.0,56.0,402.0,,0.02645872,,BNB
339,6,2020-01-17,17.353515,18.004872,213407237,2692787141.0,387.0,195.0,8.0,23.0,8.0,1282.0,674.0,10119546.0,43.0,438.0,269.0,1695.0,4.0,0.02831473,,BNB
340,6,2020-01-18,18.039068,17.740957,160437742,2748012194.0,209.0,164.0,7.0,29.0,10.0,1766.0,493.0,1593031.0,15.0,534.0,256.0,764.0,5.0,0.01140174,,BNB
341,6,2020-01-19,17.344143,17.335898,163331307,2614007343.0,177.0,159.0,5.0,17.0,4.0,955.0,422.0,657272.0,0.0,66.0,48.0,129.0,2.0,0.02174675,,BNB
342,6,2020-01-20,17.236721,17.27174,136371377,2596970352.0,262.0,180.0,3.0,56.0,6.0,771.0,796.0,1565868.0,13.0,76.0,21.0,197.0,4.0,0.01496787,,BNB
343,6,2020-01-21,17.453606,18.051712,175107472,2702285034.0,268.0,208.0,17.0,67.0,13.0,1705.0,1036.0,2998256.0,49.0,493.0,344.0,985.0,,0.01487536,,BNB
344,6,2020-01-22,17.924243,17.753787,150191082,2717483243.0,207.0,167.0,7.0,17.0,5.0,1276.0,571.0,3999815.0,26.0,288.0,126.0,899.0,3.0,0.01622085,,BNB
345,6,2020-01-23,17.223711,17.016414,124198436,2619812338.0,324.0,191.0,12.0,34.0,7.0,1246.0,636.0,1325959.0,15.0,543.0,53.0,649.0,1.0,0.0222975,,BNB
346,6,2020-01-24,17.095257,17.067233,123754607,2637620795.0,184.0,166.0,12.0,61.0,27.0,978.0,434.0,1130146.0,4.0,75.0,51.0,193.0,4.0,0.0159772,,BNB
347,6,2020-01-25,16.891855,16.943199,120621815,2567237973.0,474.0,149.0,4.0,28.0,11.0,1445.0,423.0,1342529.0,6.0,52.0,14.0,156.0,,0.01299275,,BNB
348,6,2020-01-26,17.445113,17.450823,135798202,2651396199.0,248.0,146.0,4.0,23.0,,1123.0,550.0,1508063.0,6.0,103.0,55.0,346.0,,0.01163957,,BNB
349,6,2020-01-27,18.009074,17.607806,147492775,2683240299.0,438.0,183.0,3.0,6.0,6.0,828.0,810.0,1107348.0,5.0,159.0,45.0,339.0,3.0,0.01031762,,BNB
350,6,2020-01-28,18.507786,18.045152,163979624,2714935108.0,317.0,184.0,5.0,12.0,5.0,1802.0,642.0,1341933.0,27.0,473.0,181.0,825.0,3.0,0.0090054,,BNB
351,6,2020-01-29,17.868001,17.853257,144251918,2749147467.0,207.0,170.0,5.0,31.0,17.0,1431.0,418.0,3655866.0,14.0,166.0,92.0,610.0,3.0,0.01159686,,BNB
352,6,2020-01-30,18.275304,18.480972,157248868,2777440312.0,204.0,166.0,8.0,42.0,5.0,901.0,545.0,1313476.0,2.0,140.0,27.0,298.0,1.0,0.01161306,,BNB
353,6,2020-01-31,18.168086,18.159053,156196743,2766243495.0,385.0,183.0,8.0,37.0,9.0,1105.0,494.0,4068986.0,9.0,191.0,67.0,620.0,7.0,0.01206778,,BNB
354,6,2020-02-01,18.279747,18.192718,144950468,2763158266.0,296.0,185.0,5.0,52.0,9.0,1065.0,459.0,1275513.0,18.0,205.0,54.0,566.0,8.0,0.00800643,,BNB
355,6,2020-02-02,18.206641,18.4423,162482851,2809098007.0,200.0,166.0,3.0,12.0,6.0,1265.0,468.0,2333171.0,7.0,118.0,44.0,320.0,5.0,0.01117456,,BNB
356,6,2020-02-03,18.321738,18.409231,151628162,2816282887.0,228.0,175.0,4.0,9.0,3.0,669.0,435.0,972640.0,4.0,80.0,46.0,138.0,13.0,0.00958211,,BNB
357,6,2020-02-04,18.21756,18.124043,135909825,2740323844.0,228.0,182.0,10.0,69.0,6.0,677.0,497.0,1239670.0,9.0,114.0,29.0,297.0,9.0,0.0101295,,BNB
358,6,2020-02-05,19.001986,19.250939,226036759,2906560489.0,126.0,91.0,6.0,57.0,6.0,576.0,287.0,2020653.0,9.0,201.0,24.0,393.0,9.0,0.02148866,,BNB
359,6,2020-02-06,19.648019,20.676185,303959958,3102315912.0,322.0,203.0,8.0,39.0,37.0,1278.0,635.0,5059499.0,22.0,436.0,164.0,1820.0,9.0,0.03197854,,BNB
360,6,2020-02-07,20.689777,21.934317,362757335,3336687331.0,252.0,190.0,14.0,45.0,2.0,1472.0,468.0,7783756.0,48.0,423.0,196.0,1898.0,9.0,0.03981398,,BNB
361,6,2020-02-08,22.178121,21.768137,299025460,3360553266.0,206.0,167.0,4.0,68.0,9.0,1022.0,481.0,2720761.0,17.0,251.0,162.0,942.0,5.0,0.01942683,,BNB
362,6,2020-02-09,22.299366,24.263318,379832297,3522195695.0,289.0,199.0,5.0,37.0,5.0,2660.0,597.0,6524418.0,37.0,408.0,233.0,1311.0,26.0,0.03532422,,BNB
363,6,2020-02-10,23.613302,25.13459,564632847,3799483000.0,550.0,399.0,18.0,97.0,5.0,1478.0,687.0,9841108.0,23.0,337.0,120.0,1326.0,76.0,0.03095405,2.0,BNB
364,6,2020-02-11,26.167953,25.763067,366004085,3854985916.0,308.0,211.0,12.0,27.0,17.0,1430.0,1119.0,2773236.0,21.0,351.0,245.0,1186.0,49.0,0.01808995,,BNB
365,6,2020-02-12,26.238923,26.4648,388143195,3943081956.0,266.0,228.0,11.0,41.0,16.0,1730.0,1114.0,3260613.0,45.0,424.0,181.0,1397.0,7.0,0.01859558,,BNB
366,6,2020-02-13,26.200599,25.464632,427447009,3897357738.0,227.0,194.0,14.0,69.0,14.0,1485.0,552.0,3835371.0,57.0,520.0,232.0,1749.0,11.0,0.0185261,,BNB
367,6,2020-02-14,25.892192,26.414254,398216369,3938240035.0,372.0,230.0,20.0,68.0,17.0,3103.0,758.0,6375195.0,82.0,891.0,673.0,2030.0,13.0,0.01548592,,BNB
368,6,2020-02-15,25.292907,24.306096,405995162,3986948189.0,245.0,188.0,12.0,65.0,16.0,1026.0,490.0,2466588.0,12.0,138.0,84.0,730.0,4.0,0.02629894,,BNB
369,6,2020-02-16,24.276786,23.404565,434035050,3702995844.0,310.0,215.0,11.0,15.0,12.0,592.0,478.0,568969.0,6.0,92.0,30.0,212.0,5.0,0.03972138,,BNB
370,6,2020-02-17,23.108219,23.503849,428029407,3450864869.0,292.0,246.0,12.0,56.0,14.0,732.0,571.0,1239333.0,8.0,159.0,51.0,538.0,18.0,0.02979848,,BNB
371,6,2020-02-18,24.499158,24.157683,362716974,3534804348.0,217.0,192.0,20.0,145.0,40.0,992.0,1052.0,1693989.0,17.0,295.0,115.0,1133.0,5.0,0.02227688,,BNB
372,6,2020-02-19,22.872642,22.48921,268821686,3686298488.0,267.0,202.0,6.0,12.0,12.0,889.0,819.0,2070860.0,13.0,272.0,65.0,735.0,10.0,0.02294662,,BNB
373,6,2020-02-20,22.486043,22.163872,322690382,3294965724.0,214.0,182.0,12.0,53.0,5.0,807.0,521.0,1068840.0,1.0,113.0,28.0,273.0,5.0,0.0366426,,BNB
374,6,2020-02-21,22.35801,22.189353,372209273,3430911609.0,233.0,206.0,6.0,33.0,12.0,1440.0,882.0,4861625.0,94.0,792.0,390.0,2005.0,12.0,0.01103843,,BNB
375,6,2020-02-22,22.113087,21.97661,290472079,3392112524.0,214.0,179.0,4.0,8.0,2.0,1289.0,472.0,2091953.0,17.0,234.0,76.0,643.0,10.0,0.01010217,,BNB
376,6,2020-02-23,22.577158,22.884958,408898352,3482619858.0,276.0,189.0,6.0,63.0,9.0,1678.0,622.0,1327918.0,25.0,222.0,37.0,368.0,7.0,0.015354,,BNB
377,6,2020-02-24,22.254937,22.085195,320556875,3495493731.0,308.0,192.0,8.0,28.0,19.0,1262.0,609.0,2385114.0,370.0,483.0,185.0,1222.0,7.0,0.01706708,,BNB
378,6,2020-02-25,21.24322,20.280857,302092657,3285607335.0,147.0,100.0,4.0,30.0,7.0,670.0,775.0,1179038.0,14.0,161.0,45.0,384.0,7.0,0.03269006,,BNB
379,6,2020-02-26,19.180532,18.693574,395805242,3013979693.0,299.0,191.0,8.0,56.0,5.0,1183.0,406.0,2769750.0,43.0,434.0,96.0,993.0,6.0,0.04528709,,BNB
380,6,2020-02-27,18.74739,19.140653,375322056,2937428830.0,242.0,182.0,15.0,55.0,13.0,1296.0,470.0,3191462.0,53.0,529.0,306.0,1686.0,5.0,0.02460915,,BNB
381,6,2020-02-28,18.924173,18.952594,401565398,2819991621.0,331.0,186.0,5.0,33.0,13.0,667.0,351.0,689876.0,7.0,103.0,30.0,215.0,5.0,0.02206783,,BNB
382,6,2020-02-29,18.672916,19.31064,551515116,3040552452.0,368.0,223.0,2.0,2.0,12.0,730.0,526.0,1321507.0,4.0,196.0,53.0,417.0,5.0,0.02279666,,BNB
383,6,2020-03-01,19.28728,18.945297,348575303,2981201074.0,186.0,142.0,8.0,32.0,10.0,693.0,423.0,1277003.0,16.0,186.0,46.0,419.0,2.0,0.01669493,1.0,BNB
384,6,2020-03-02,19.775043,19.972282,408217022,2995656184.0,217.0,159.0,8.0,66.0,4.0,878.0,698.0,6082856.0,129.0,379.0,211.0,1249.0,6.0,0.01851295,,BNB
385,6,2020-03-03,19.547041,19.634511,323185613,3028159599.0,311.0,162.0,7.0,22.0,10.0,889.0,368.0,2738396.0,22.0,419.0,282.0,987.0,,0.01201128,,BNB
386,6,2020-03-04,19.749451,20.03024,325646570,3037399413.0,569.0,245.0,6.0,23.0,6.0,6352.0,1054.0,5067738.0,341.0,2417.0,2024.0,2555.0,,0.01492942,,BNB
387,6,2020-03-05,20.522013,20.743641,380694656,3209463282.0,307.0,210.0,11.0,85.0,6.0,2400.0,539.0,7565922.0,30.0,360.0,115.0,865.0,,0.02525635,,BNB
388,6,2020-03-06,21.008076,21.332562,409236986,3236655216.0,267.0,168.0,11.0,62.0,9.0,1860.0,358.0,2459552.0,10.0,130.0,42.0,298.0,,0.01160014,,BNB
389,6,2020-03-07,20.890769,20.356666,302586251,3196629237.0,180.0,125.0,2.0,45.0,5.0,1831.0,422.0,1216467.0,16.0,517.0,227.0,627.0,,0.02059838,,BNB
390,6,2020-03-08,18.369479,16.952243,311550541,2885836076.0,159.0,131.0,5.0,33.0,10.0,980.0,416.0,991781.0,18.0,209.0,153.0,1161.0,,0.05528377,,BNB
391,6,2020-03-09,16.840917,16.620089,373265359,2584165999.0,508.0,143.0,13.0,31.0,7.0,2641.0,472.0,2837707.0,47.0,898.0,724.0,1085.0,,0.05465763,,BNB
392,6,2020-03-10,16.647391,16.988145,353650138,2639018636.0,159.0,118.0,11.0,40.0,9.0,1671.0,589.0,1131550.0,31.0,751.0,81.0,736.0,,0.0233616,,BNB
393,6,2020-03-11,16.870007,16.629357,271766489,2496583177.0,142.0,121.0,8.0,25.0,4.0,1177.0,331.0,915951.0,9.0,343.0,90.0,596.0,,0.0298452,,BNB
394,6,2020-03-12,10.616157,9.482885,417236753,1801549702.0,143.0,113.0,5.0,32.0,6.0,814.0,350.0,883038.0,8.0,87.0,23.0,206.0,,0.15687642,,BNB
395,6,2020-03-13,11.060686,11.20843,679153162,1629934038.0,166.0,116.0,4.0,11.0,15.0,618.0,402.0,728715.0,8.0,65.0,24.0,153.0,,0.13504111,,BNB
396,6,2020-03-14,10.312657,10.254495,303159541,1649668615.0,200.0,127.0,3.0,12.0,8.0,6952.0,415.0,7472330.0,394.0,4061.0,3891.0,3202.0,,0.04812147,,BNB
397,6,2020-03-15,10.498989,10.468031,328043742,1605382003.0,163.0,126.0,8.0,7.0,12.0,1931.0,311.0,1179926.0,7.0,294.0,56.0,320.0,,0.02913582,,BNB
398,6,2020-03-16,9.840398,9.518336,310664094,1415874276.0,84.0,54.0,2.0,7.0,2.0,692.0,255.0,1604292.0,14.0,159.0,85.0,482.0,,0.05648512,,BNB
399,6,2020-03-17,10.012348,10.361214,285455917,1528590815.0,222.0,136.0,4.0,5.0,8.0,982.0,330.0,2218163.0,23.0,171.0,102.0,474.0,,0.04380365,,BNB
400,6,2020-03-18,10.474901,10.46985,261396580,1522256455.0,154.0,113.0,4.0,12.0,5.0,1529.0,626.0,2437989.0,19.0,239.0,64.0,534.0,,0.01853551,,BNB
401,6,2020-03-19,11.843144,12.379762,385447717,1738057620.0,146.0,121.0,9.0,35.0,7.0,1470.0,453.0,1165943.0,8.0,404.0,41.0,331.0,,0.06474727,,BNB
402,6,2020-03-20,12.248026,11.9343,416336801,1971343975.0,217.0,118.0,6.0,44.0,6.0,888.0,350.0,555271.0,15.0,357.0,211.0,487.0,,0.05807525,,BNB
403,6,2020-03-21,11.932245,12.151119,374878496,1795440672.0,130.0,106.0,2.0,29.0,10.0,1510.0,1156.0,935834.0,13.0,65.0,12.0,83.0,,0.03491397,,BNB
404,6,2020-03-22,11.54218,11.233733,299145310,1792869349.0,110.0,93.0,6.0,50.0,5.0,963.0,458.0,537514.0,48.0,173.0,17.0,132.0,,0.02544459,,BNB
405,6,2020-03-23,12.260061,12.231451,356936581,1817256718.0,121.0,101.0,11.0,29.0,21.0,816.0,348.0,612183.0,2.0,41.0,21.0,53.0,,0.03486135,,BNB
406,6,2020-03-24,12.559782,12.449775,321783764,1861166175.0,130.0,98.0,6.0,43.0,3.0,1412.0,341.0,1397514.0,50.0,855.0,970.0,1196.0,,0.02707455,,BNB
407,6,2020-03-25,12.331844,12.373031,282508937,1860612448.0,270.0,185.0,9.0,64.0,6.0,3739.0,1741.0,3617586.0,5.0,163.0,68.0,452.0,2.0,0.00904054,,BNB
408,6,2020-03-26,12.471217,13.177191,285662789,1864620350.0,200.0,144.0,6.0,102.0,6.0,2536.0,962.0,5863446.0,65.0,1024.0,748.0,1780.0,,0.01720505,,BNB
409,6,2020-03-27,12.580327,12.406924,247907653,1971004195.0,196.0,167.0,8.0,14.0,10.0,1768.0,525.0,1086732.0,2.0,75.0,25.0,202.0,1.0,0.02808125,,BNB
410,6,2020-03-28,12.289013,12.25588,244287476,1853470409.0,339.0,187.0,4.0,23.0,7.0,1349.0,546.0,2304937.0,4.0,132.0,47.0,314.0,,0.02961877,,BNB
411,6,2020-03-29,11.666887,11.462072,204164309,1804749582.0,191.0,157.0,2.0,26.0,4.0,1467.0,774.0,1959406.0,1.0,80.0,22.0,220.0,,0.02480294,,BNB
412,6,2020-03-30,12.526481,12.515593,305786385,1909955375.0,189.0,139.0,6.0,124.0,11.0,820.0,564.0,4332382.0,18.0,178.0,103.0,647.0,,0.03060788,,BNB
413,6,2020-03-31,12.442856,12.59469,363872194,1935280111.0,226.0,145.0,13.0,30.0,20.0,1239.0,522.0,4025126.0,15.0,168.0,96.0,702.0,2.0,0.01534438,,BNB
414,6,2020-04-01,12.928988,12.802729,322341690,1862353611.0,153.0,120.0,9.0,64.0,10.0,1293.0,562.0,852593.0,10.0,139.0,31.0,324.0,2.0,0.0151198,,BNB
415,6,2020-04-02,13.111527,13.06835,382131214,1950146819.0,230.0,165.0,11.0,40.0,8.0,1133.0,693.0,2763632.0,11.0,165.0,79.0,377.0,11.0,0.02635166,,BNB
416,6,2020-04-03,13.013859,13.417097,399547922,2027903776.0,146.0,116.0,8.0,17.0,20.0,696.0,392.0,1851427.0,5.0,225.0,57.0,532.0,2.0,0.01678512,,BNB
417,6,2020-04-04,13.626683,13.811002,402585522,2063359643.0,259.0,193.0,6.0,14.0,18.0,4994.0,770.0,5342765.0,141.0,2642.0,650.0,2044.0,3.0,0.01729308,,BNB
418,6,2020-04-05,13.673398,13.712718,388029755,2079204320.0,82.0,70.0,2.0,1.0,11.0,1174.0,371.0,625577.0,16.0,456.0,389.0,616.0,3.0,0.01162363,,BNB
419,6,2020-04-06,15.432098,15.185926,479110831,2163836384.0,218.0,161.0,8.0,26.0,9.0,1321.0,1012.0,1016791.0,6.0,64.0,40.0,247.0,1.0,0.03046397,,BNB
420,6,2020-04-07,14.770766,14.707459,435459489,2276990019.0,206.0,147.0,13.0,63.0,16.0,879.0,830.0,3753180.0,16.0,317.0,92.0,611.0,6.0,0.02492319,,BNB
421,6,2020-04-08,15.183741,15.133331,432410031,2262140388.0,170.0,118.0,13.0,58.0,6.0,2145.0,495.0,4342007.0,77.0,637.0,225.0,832.0,4.0,0.01532876,,BNB
422,6,2020-04-09,14.947824,15.043077,435565123,2265975794.0,157.0,112.0,13.0,43.0,7.0,1583.0,666.0,2019295.0,12.0,298.0,105.0,428.0,1.0,0.01165954,,BNB
423,6,2020-04-10,14.194218,13.775711,376099930,2119346180.0,168.0,137.0,15.0,62.0,13.0,3844.0,820.0,4633608.0,341.0,2738.0,2989.0,2642.0,7.0,0.034667,,BNB
424,6,2020-04-11,13.813038,13.883598,354171056,2114425267.0,204.0,147.0,9.0,28.0,5.0,2657.0,673.0,2520462.0,25.0,448.0,330.0,762.0,1.0,0.01298873,,BNB
425,6,2020-04-12,13.909703,14.326005,408573763,2159343743.0,190.0,143.0,13.0,117.0,17.0,1409.0,706.0,5792707.0,43.0,411.0,180.0,1280.0,1.0,0.02132044,,BNB
426,6,2020-04-13,14.171884,15.061679,453668124,2185544636.0,248.0,202.0,19.0,43.0,13.0,1067.0,1020.0,7209430.0,14.0,304.0,156.0,1147.0,4.0,0.02945318,9.0,BNB
427,6,2020-04-14,15.166501,15.642246,492788787,2351469434.0,190.0,168.0,23.0,37.0,11.0,1473.0,829.0,7633761.0,37.0,442.0,261.0,1571.0,7.0,0.03423435,2.0,BNB
428,6,2020-04-15,15.137115,14.633116,395580311,2280741724.0,162.0,135.0,19.0,34.0,12.0,1061.0,628.0,1218499.0,7.0,142.0,53.0,365.0,4.0,0.02187905,6.0,BNB
429,6,2020-04-16,16.010671,15.725697,449466357,2350183382.0,394.0,184.0,14.0,16.0,8.0,3020.0,670.0,6829562.0,104.0,917.0,602.0,1815.0,7.0,0.02335722,7.0,BNB
430,6,2020-04-17,15.606498,15.682009,371705318,2386291229.0,513.0,225.0,11.0,24.0,2.0,2567.0,1251.0,9285623.0,80.0,753.0,295.0,2291.0,10.0,0.01477248,6.0,BNB
431,6,2020-04-18,16.647086,16.641182,451970331,2390137944.0,449.0,282.0,12.0,31.0,6.0,1369.0,877.0,5704348.0,19.0,279.0,192.0,1094.0,18.0,0.0197384,8.0,BNB
432,6,2020-04-19,16.17227,16.107864,378300044,2415111924.0,433.0,209.0,11.0,23.0,2.0,2267.0,772.0,4362593.0,33.0,472.0,364.0,797.0,25.0,0.01272787,4.0,BNB
433,6,2020-04-20,15.377317,15.048428,370072627,2340997467.0,263.0,206.0,16.0,19.0,4.0,1631.0,604.0,3586540.0,16.0,269.0,150.0,688.0,23.0,0.0232636,15.0,BNB
434,6,2020-04-21,15.07727,15.170917,357167707,2214168763.0,269.0,225.0,12.0,17.0,10.0,1519.0,661.0,2218728.0,16.0,206.0,44.0,470.0,26.0,0.02322949,14.0,BNB
435,6,2020-04-22,15.987751,15.757434,416944881,2275589004.0,270.0,204.0,17.0,25.0,11.0,1815.0,608.0,2437035.0,15.0,152.0,36.0,415.0,26.0,0.01458398,13.0,BNB
436,6,2020-04-23,16.138456,16.053759,454151603,2333277172.0,321.0,254.0,12.0,25.0,4.0,1329.0,617.0,2459057.0,10.0,263.0,132.0,566.0,28.0,0.0154826,13.0,BNB
437,6,2020-04-24,16.164735,15.94318,378518609,2361201017.0,338.0,200.0,13.0,24.0,10.0,1883.0,512.0,2360584.0,15.0,205.0,63.0,555.0,21.0,0.01121858,7.0,BNB
438,6,2020-04-25,16.266123,16.251129,381423487,2399716656.0,123.0,102.0,5.0,15.0,5.0,1106.0,240.0,606885.0,0.0,51.0,12.0,93.0,5.0,0.00833366,4.0,BNB
439,6,2020-04-26,16.501276,16.42058,418246107,2417287724.0,233.0,191.0,15.0,33.0,6.0,1019.0,483.0,2255380.0,3.0,115.0,47.0,398.0,20.0,0.00559482,13.0,BNB
440,6,2020-04-27,16.425006,16.447939,402026920,2409015579.0,247.0,211.0,26.0,65.0,16.0,1237.0,474.0,800187.0,15.0,164.0,65.0,570.0,8.0,0.00559216,15.0,BNB
441,6,2020-04-28,16.460382,16.385953,368652833,2426405909.0,253.0,204.0,13.0,21.0,9.0,832.0,524.0,879330.0,3.0,148.0,34.0,440.0,20.0,0.00566134,12.0,BNB
442,6,2020-04-29,17.935609,17.404933,463832781,2519195864.0,330.0,265.0,26.0,42.0,17.0,986.0,586.0,820150.0,0.0,99.0,20.0,242.0,10.0,0.02374782,8.0,BNB
443,6,2020-04-30,16.950073,17.006426,520815213,2493029139.0,417.0,307.0,26.0,58.0,12.0,1096.0,637.0,2115197.0,3.0,100.0,35.0,324.0,7.0,0.02315181,9.0,BNB
444,6,2020-05-01,17.353699,17.483824,476699235,2581181327.0,240.0,210.0,12.0,24.0,9.0,868.0,448.0,1769883.0,2.0,218.0,84.0,344.0,5.0,0.01579096,12.0,BNB
445,6,2020-05-02,17.69242,17.578488,410418615,2589941698.0,203.0,184.0,10.0,14.0,6.0,629.0,411.0,685073.0,0.0,87.0,16.0,179.0,1.0,0.00630506,14.0,BNB
446,6,2020-05-03,17.355382,17.160167,396431400,2568369233.0,273.0,223.0,16.0,31.0,18.0,1657.0,562.0,1394630.0,37.0,896.0,243.0,699.0,8.0,0.01305931,10.0,BNB
447,6,2020-05-04,16.990578,17.062017,402814955,2461857806.0,446.0,201.0,13.0,24.0,10.0,1420.0,571.0,2111553.0,28.0,440.0,199.0,1060.0,3.0,0.01763056,3.0,BNB
448,6,2020-05-05,17.100565,16.943221,392562369,2493051078.0,252.0,112.0,12.0,24.0,3.0,695.0,267.0,550140.0,11.0,250.0,43.0,229.0,2.0,0.01342902,2.0,BNB
449,6,2020-05-06,16.759401,16.445292,372230160,2517543276.0,303.0,246.0,14.0,27.0,10.0,2739.0,668.0,2106418.0,826.0,5523.0,5316.0,5560.0,2.0,0.00874485,8.0,BNB
450,6,2020-05-07,17.482625,17.031427,425886892,2447319598.0,272.0,238.0,21.0,65.0,8.0,5698.0,697.0,3798232.0,13.0,469.0,72.0,859.0,6.0,0.01115705,16.0,BNB
451,6,2020-05-08,16.891601,17.151891,386424916,2510509391.0,231.0,205.0,18.0,64.0,9.0,1453.0,568.0,1064028.0,7.0,171.0,66.0,602.0,6.0,0.01336315,15.0,BNB
452,6,2020-05-09,16.982809,16.893882,364063033,2523542761.0,240.0,217.0,12.0,11.0,8.0,1053.0,805.0,3048209.0,5.0,239.0,77.0,476.0,8.0,0.02741286,19.0,BNB
453,6,2020-05-10,15.413035,15.40365,434551795,2276523199.0,234.0,205.0,13.0,87.0,8.0,845.0,576.0,573836.0,3.0,130.0,40.0,177.0,5.0,0.05484767,24.0,BNB
454,6,2020-05-11,15.241727,15.112909,417049934,2238994495.0,274.0,196.0,12.0,15.0,7.0,8292.0,1358.0,12689907.0,3175.0,3167.0,5667.0,5610.0,7.0,0.01834023,24.0,BNB
455,6,2020-05-12,15.394074,15.798099,413406365,2353359192.0,177.0,148.0,20.0,31.0,8.0,2212.0,469.0,2933576.0,4.0,194.0,31.0,469.0,11.0,0.0263606,24.0,BNB
456,6,2020-05-13,16.591975,16.252968,366404066,2383814357.0,295.0,177.0,15.0,25.0,6.0,1976.0,576.0,1096300.0,35.0,549.0,589.0,810.0,5.0,0.01423269,24.0,BNB
457,6,2020-05-14,16.704237,16.387181,358361357,2416526338.0,459.0,169.0,22.0,50.0,11.0,1952.0,499.0,2166199.0,40.0,773.0,269.0,785.0,11.0,0.00971608,24.0,BNB
458,6,2020-05-15,15.715033,15.715659,317740745,2388797319.0,224.0,101.0,8.0,10.0,2.0,480.0,331.0,3454249.0,9.0,153.0,56.0,405.0,,0.00928714,12.0,BNB
459,6,2020-05-16,16.010434,16.051965,316102707,2396541492.0,383.0,176.0,8.0,30.0,3.0,666.0,658.0,430538.0,2.0,71.0,13.0,144.0,9.0,0.00857551,24.0,BNB
460,6,2020-05-17,16.525234,16.305986,308554882,2433110769.0,285.0,180.0,12.0,20.0,13.0,1020.0,545.0,566513.0,12.0,272.0,202.0,386.0,1.0,0.01097159,24.0,BNB
461,6,2020-05-18,16.640166,16.620144,318252381,2432814425.0,319.0,183.0,9.0,18.0,10.0,1390.0,677.0,4527592.0,16.0,426.0,129.0,949.0,8.0,0.00902177,23.0,BNB
462,6,2020-05-19,16.661136,17.219409,331194564,2497481381.0,329.0,209.0,9.0,26.0,3.0,1252.0,638.0,1242004.0,8.0,116.0,39.0,312.0,5.0,0.01424867,24.0,BNB
463,6,2020-05-20,16.848241,16.913224,278084271,2540414517.0,288.0,193.0,16.0,51.0,8.0,806.0,808.0,507804.0,2.0,112.0,27.0,251.0,8.0,0.01250466,24.0,BNB
464,6,2020-05-21,16.139724,16.126599,263946479,2448927493.0,253.0,163.0,16.0,30.0,7.0,6332.0,819.0,7035534.0,754.0,5552.0,5893.0,5334.0,8.0,0.02067274,24.0,BNB
465,6,2020-05-22,16.538901,16.619087,297661335,2452073157.0,445.0,204.0,14.0,32.0,4.0,4275.0,663.0,1984638.0,3.0,182.0,51.0,299.0,6.0,0.01754796,24.0,BNB
466,6,2020-05-23,16.595707,16.51349,251412116,2428383830.0,252.0,161.0,17.0,31.0,14.0,1417.0,517.0,1693159.0,30.0,62.0,9.0,122.0,3.0,0.00979053,24.0,BNB
467,6,2020-05-24,15.889122,15.970615,242344368,2451980047.0,259.0,161.0,17.0,29.0,3.0,1082.0,725.0,792505.0,4.0,172.0,23.0,316.0,2.0,0.00997964,24.0,BNB
468,6,2020-05-25,16.278401,16.388048,286476299,2398327171.0,262.0,162.0,18.0,42.0,4.0,1025.0,753.0,2014281.0,10.0,185.0,68.0,572.0,8.0,0.01033946,24.0,BNB
469,6,2020-05-26,16.216988,16.21649,255826430,2391461691.0,225.0,141.0,13.0,29.0,6.0,945.0,542.0,2140411.0,7.0,153.0,51.0,375.0,6.0,0.00666231,18.0,BNB
470,6,2020-05-27,16.801855,16.498035,283450520,2439141289.0,249.0,147.0,13.0,34.0,,895.0,536.0,3398177.0,19.0,278.0,107.0,968.0,7.0,0.00781327,23.0,BNB
471,6,2020-05-28,17.223761,17.071644,296862912,2453895940.0,246.0,157.0,17.0,46.0,9.0,900.0,780.0,767718.0,6.0,131.0,43.0,412.0,,0.01235555,23.0,BNB
472,6,2020-05-29,17.006685,17.018338,292911798,2497573797.0,376.0,158.0,14.0,41.0,13.0,1120.0,695.0,2287423.0,30.0,270.0,126.0,758.0,4.0,0.01195452,9.0,BNB
473,6,2020-05-30,18.041077,17.71664,328568775,2592358489.0,172.0,122.0,13.0,29.0,7.0,792.0,564.0,1112077.0,10.0,151.0,38.0,450.0,1.0,0.01569923,8.0,BNB
474,6,2020-05-31,17.131669,17.110983,310682906,2620553639.0,278.0,161.0,12.0,24.0,3.0,646.0,524.0,547047.0,6.0,67.0,16.0,151.0,7.0,0.0127888,4.0,BNB
475,6,2020-06-01,18.294128,17.971449,344283787,2567928146.0,321.0,205.0,17.0,30.0,,2152.0,662.0,1300912.0,175.0,2372.0,2350.0,2325.0,22.0,0.01257493,13.0,BNB
476,6,2020-06-02,17.068939,17.288271,279086750,2673733082.0,288.0,191.0,11.0,12.0,4.0,3122.0,672.0,1390156.0,10.0,100.0,25.0,185.0,25.0,0.01896539,17.0,BNB
477,6,2020-06-03,17.576737,17.597949,282545796,2579184336.0,330.0,216.0,12.0,32.0,12.0,1243.0,552.0,872554.0,25.0,205.0,97.0,655.0,24.0,0.01543909,18.0,BNB
478,6,2020-06-04,17.679113,17.519491,248956329,2574589474.0,177.0,122.0,4.0,5.0,4.0,662.0,306.0,1317547.0,16.0,207.0,238.0,943.0,15.0,0.0072739,11.0,BNB
479,6,2020-06-05,17.299808,17.7003,263317385,2602085745.0,409.0,266.0,20.0,38.0,6.0,1436.0,728.0,10234494.0,52.0,582.0,129.0,1446.0,22.0,0.00699853,20.0,BNB
480,6,2020-06-06,17.816445,17.599748,241036127,2617528551.0,367.0,201.0,13.0,333.0,22.0,1108.0,557.0,682948.0,8.0,201.0,118.0,401.0,24.0,0.00472109,21.0,BNB
481,6,2020-06-07,17.742159,17.448264,218799560,2560291786.0,358.0,208.0,14.0,35.0,6.0,1036.0,557.0,1026473.0,30.0,198.0,75.0,663.0,22.0,0.01036757,20.0,BNB
482,6,2020-06-08,17.503381,17.448356,184979847,2577658961.0,358.0,215.0,13.0,35.0,4.0,1300.0,619.0,1748754.0,32.0,369.0,311.0,1595.0,19.0,0.00739725,23.0,BNB
483,6,2020-06-09,17.392092,17.405409,183964466,2570552083.0,316.0,218.0,16.0,61.0,17.0,933.0,536.0,3312875.0,8.0,166.0,64.0,405.0,10.0,0.00342775,24.0,BNB
484,6,2020-06-10,17.614443,17.417621,199848267,2569263709.0,365.0,264.0,21.0,45.0,17.0,1028.0,496.0,5500464.0,32.0,412.0,209.0,1324.0,7.0,0.00317143,24.0,BNB
485,6,2020-06-11,16.399759,16.299161,193118508,2558982667.0,301.0,227.0,14.0,34.0,7.0,956.0,562.0,1588294.0,5.0,162.0,33.0,388.0,8.0,0.01983679,21.0,BNB
486,6,2020-06-12,16.662564,16.68974,203917408,2469507267.0,310.0,203.0,17.0,30.0,10.0,1391.0,643.0,3676812.0,8.0,125.0,43.0,304.0,5.0,0.01733154,24.0,BNB
487,6,2020-06-13,16.714299,16.857044,202251074,2457499665.0,459.0,230.0,13.0,48.0,7.0,1136.0,622.0,3784297.0,27.0,319.0,163.0,1169.0,11.0,0.00534274,28.0,BNB
488,6,2020-06-14,16.564753,16.602302,180757210,2478595203.0,390.0,223.0,12.0,26.0,9.0,862.0,514.0,1897430.0,2.0,105.0,19.0,294.0,5.0,0.00898516,25.0,BNB
489,6,2020-06-15,16.622416,16.398528,186085402,2352759972.0,319.0,226.0,15.0,40.0,3.0,2145.0,691.0,1725651.0,125.0,1784.0,1642.0,1818.0,19.0,0.01902048,12.0,BNB
490,6,2020-06-16,16.651574,16.478755,183244433,2435193540.0,294.0,203.0,11.0,10.0,7.0,2534.0,595.0,1999674.0,13.0,146.0,90.0,520.0,18.0,0.01101911,9.0,BNB
491,6,2020-06-17,16.35611,16.425792,183436635,2448835965.0,646.0,522.0,18.0,40.0,4.0,1085.0,1132.0,2663535.0,19.0,301.0,189.0,854.0,18.0,0.00524165,11.0,BNB
492,6,2020-06-18,16.310379,16.197373,167264728,2423383637.0,757.0,521.0,10.0,27.0,11.0,1336.0,1010.0,6134765.0,29.0,276.0,120.0,680.0,20.0,0.00766702,20.0,BNB
493,6,2020-06-19,16.04461,16.007087,148485549,2388995694.0,701.0,529.0,15.0,37.0,5.0,1044.0,922.0,1178695.0,7.0,206.0,29.0,417.0,20.0,0.00797133,15.0,BNB
494,6,2020-06-20,16.059314,16.217727,162150418,2364472586.0,552.0,410.0,9.0,16.0,3.0,986.0,911.0,1206280.0,10.0,278.0,130.0,482.0,2.0,0.00533379,11.0,BNB
495,6,2020-06-21,16.033264,16.006079,138273616,2374608936.0,683.0,475.0,16.0,31.0,10.0,4597.0,1141.0,5549402.0,1291.0,1273.0,2100.0,2713.0,14.0,0.00533007,14.0,BNB
496,6,2020-06-22,16.804723,16.518428,175597439,2425462821.0,642.0,491.0,14.0,57.0,13.0,2805.0,957.0,2024783.0,938.0,1678.0,1581.0,1931.0,6.0,0.00871354,17.0,BNB
497,6,2020-06-23,16.466196,16.4019,144110986,2424964580.0,602.0,475.0,15.0,23.0,6.0,2544.0,1899.0,2728183.0,155.0,726.0,554.0,1121.0,1.0,0.00530195,15.0,BNB
498,6,2020-06-24,15.892592,16.03545,151702155,2397625098.0,345.0,257.0,11.0,23.0,17.0,442.0,812.0,481891.0,2.0,54.0,7.0,141.0,,0.00880205,6.0,BNB
499,6,2020-06-25,15.934043,15.950419,127867038,2357278544.0,788.0,535.0,13.0,23.0,7.0,1444.0,1140.0,1298012.0,20.0,530.0,194.0,549.0,6.0,0.00968322,20.0,BNB
500,6,2020-06-26,15.790126,15.77406,128199539,2347200454.0,962.0,520.0,26.0,42.0,18.0,970.0,1220.0,2480271.0,12.0,191.0,99.0,596.0,6.0,0.00777373,21.0,BNB
501,6,2020-06-27,15.475255,15.165567,136981735,2363724307.0,1067.0,500.0,6.0,23.0,12.0,926.0,1369.0,1424682.0,3.0,129.0,12.0,208.0,5.0,0.01321085,24.0,BNB
502,6,2020-06-28,15.356372,15.42453,146144806,2266124200.0,993.0,505.0,10.0,19.0,9.0,1991.0,1138.0,3326439.0,92.0,781.0,246.0,2576.0,10.0,0.01507782,24.0,BNB
503,6,2020-06-29,15.548888,15.514036,156140782,2281102430.0,1101.0,532.0,16.0,43.0,3.0,2119.0,1227.0,4721119.0,34.0,920.0,553.0,1319.0,5.0,0.00680529,3.0,BNB
504,6,2020-06-30,15.428726,15.450674,140346521,2279550785.0,883.0,580.0,13.0,32.0,6.0,805.0,1158.0,923605.0,6.0,148.0,42.0,295.0,4.0,0.00467777,2.0,BNB
505,6,2020-07-01,15.632942,15.83648,147074240,2327865891.0,625.0,419.0,25.0,32.0,9.0,712.0,1753.0,1832378.0,8.0,124.0,34.0,404.0,6.0,0.01049285,8.0,BNB
506,6,2020-07-02,15.608133,15.411435,133382893,2340733476.0,643.0,306.0,15.0,32.0,3.0,636.0,1236.0,2183415.0,30.0,167.0,35.0,432.0,8.0,0.01310996,9.0,BNB
507,6,2020-07-03,15.356662,15.330317,136390922,2281831510.0,441.0,261.0,13.0,38.0,,503.0,692.0,623256.0,6.0,69.0,17.0,284.0,13.0,0.00903594,8.0,BNB
508,6,2020-07-04,15.50402,15.62443,148157132,2286050692.0,201.0,158.0,6.0,14.0,,359.0,534.0,273005.0,0.0,19.0,6.0,36.0,5.0,0.00530968,14.0,BNB
509,6,2020-07-05,15.50223,15.53118,138716282,2280842980.0,249.0,187.0,11.0,26.0,9.0,520.0,746.0,841895.0,7.0,109.0,29.0,360.0,6.0,0.00734867,16.0,BNB
510,6,2020-07-06,16.054335,16.312644,141795790,2338903868.0,256.0,202.0,15.0,40.0,10.0,996.0,690.0,2526553.0,33.0,342.0,110.0,1276.0,9.0,0.01461978,23.0,BNB
511,6,2020-07-07,16.208032,16.823556,187394812,2431078102.0,430.0,273.0,12.0,25.0,16.0,1038.0,958.0,1362826.0,14.0,232.0,123.0,986.0,7.0,0.02321262,24.0,BNB
512,6,2020-07-08,17.146576,17.273298,196942520,2535201489.0,338.0,262.0,26.0,156.0,16.0,1003.0,793.0,1495772.0,26.0,369.0,122.0,827.0,4.0,0.01744472,21.0,BNB
513,6,2020-07-09,16.971233,16.861806,166171430,2541819292.0,237.0,206.0,24.0,44.0,13.0,626.0,585.0,1500946.0,5.0,72.0,24.0,212.0,1.0,0.01254137,19.0,BNB
514,6,2020-07-10,16.916752,17.320164,157404502,2464941811.0,282.0,221.0,19.0,33.0,20.0,831.0,731.0,1967623.0,7.0,168.0,42.0,569.0,11.0,0.01506284,22.0,BNB
515,6,2020-07-11,17.227821,17.648923,174597118,2568235434.0,325.0,234.0,16.0,31.0,4.0,883.0,901.0,2828131.0,62.0,227.0,104.0,999.0,6.0,0.0194988,24.0,BNB
516,6,2020-07-12,17.753549,18.319399,210645143,2719181621.0,310.0,263.0,24.0,43.0,13.0,1200.0,922.0,6285679.0,23.0,298.0,203.0,1365.0,13.0,0.02111629,24.0,BNB
517,6,2020-07-13,18.200017,18.42775,248638204,2787435136.0,281.0,243.0,25.0,262.0,24.0,912.0,779.0,4048361.0,27.0,232.0,88.0,764.0,20.0,0.0139204,24.0,BNB
518,6,2020-07-14,18.43622,18.092912,188655410,2683707274.0,298.0,231.0,18.0,40.0,10.0,652.0,460.0,3947065.0,29.0,280.0,77.0,1261.0,15.0,0.01450179,12.0,BNB
519,6,2020-07-15,17.990144,17.642025,154707541,2643019917.0,264.0,218.0,16.0,84.0,10.0,495.0,789.0,1254844.0,16.0,134.0,41.0,323.0,12.0,0.01490233,22.0,BNB
520,6,2020-07-16,17.524984,17.17989,160557966,2498553230.0,361.0,242.0,22.0,59.0,9.0,555.0,858.0,1147892.0,13.0,154.0,34.0,538.0,25.0,0.0202204,24.0,BNB
521,6,2020-07-17,17.201161,17.095831,141374618,2569538679.0,388.0,261.0,18.0,63.0,10.0,644.0,983.0,1130212.0,12.0,164.0,69.0,654.0,24.0,0.01096165,24.0,BNB
522,6,2020-07-18,17.163705,17.17956,133448404,2537784768.0,315.0,255.0,18.0,42.0,5.0,547.0,811.0,1348612.0,8.0,121.0,48.0,385.0,21.0,0.00849462,24.0,BNB
523,6,2020-07-19,17.259419,18.024454,204754637,2652886821.0,366.0,315.0,30.0,100.0,13.0,750.0,1455.0,2379737.0,25.0,276.0,154.0,1464.0,17.0,0.0208759,24.0,BNB
524,6,2020-07-20,17.941247,17.49672,197682976,2647359143.0,248.0,207.0,24.0,60.0,24.0,538.0,897.0,1501752.0,6.0,185.0,65.0,513.0,23.0,0.01461486,24.0,BNB
525,6,2020-07-21,17.866618,17.720972,180390325,2655476177.0,278.0,227.0,17.0,36.0,13.0,399.0,667.0,736021.0,7.0,72.0,18.0,210.0,20.0,0.0091551,24.0,BNB
526,6,2020-07-22,18.070822,18.107523,188603541,2603096793.0,294.0,243.0,35.0,77.0,13.0,710.0,744.0,1228964.0,8.0,131.0,39.0,484.0,15.0,0.00898415,19.0,BNB
527,6,2020-07-23,18.288129,18.757805,221778731,2702335142.0,451.0,286.0,31.0,70.0,8.0,1484.0,842.0,2093878.0,24.0,338.0,160.0,1550.0,36.0,0.01736064,7.0,BNB
528,6,2020-07-24,18.696774,19.187293,250703798,2717504653.0,378.0,287.0,25.0,78.0,9.0,1494.0,847.0,1564823.0,19.0,249.0,136.0,655.0,15.0,0.01974323,2.0,BNB
529,6,2020-07-25,19.628957,19.842828,262387752,2916029940.0,287.0,228.0,21.0,61.0,21.0,791.0,900.0,987003.0,6.0,100.0,45.0,411.0,8.0,0.02187019,4.0,BNB
530,6,2020-07-26,20.208533,19.572714,249659473,2904799133.0,223.0,176.0,17.0,48.0,21.0,796.0,644.0,816967.0,10.0,133.0,77.0,564.0,12.0,0.00996453,8.0,BNB
531,6,2020-07-27,21.225819,19.70975,328718854,2858626304.0,312.0,229.0,22.0,71.0,19.0,868.0,1918.0,773648.0,5.0,71.0,28.0,252.0,2.0,0.01826597,24.0,BNB
532,6,2020-07-28,19.61205,20.21656,288850211,2933793609.0,320.0,247.0,15.0,53.0,6.0,1098.0,1474.0,1470001.0,15.0,156.0,101.0,731.0,4.0,0.02234885,19.0,BNB
533,6,2020-07-29,20.445981,19.900333,205683941,2962853382.0,305.0,229.0,22.0,65.0,29.0,700.0,1079.0,703746.0,6.0,73.0,44.0,317.0,6.0,0.00891869,18.0,BNB
534,6,2020-07-30,20.027026,20.001659,195466909,2914224814.0,381.0,260.0,22.0,39.0,7.0,1009.0,838.0,3453848.0,36.0,229.0,74.0,736.0,9.0,0.00862776,20.0,BNB
535,6,2020-07-31,20.430344,20.729563,227807972,3070780413.0,259.0,212.0,28.0,53.0,9.0,598.0,1062.0,1094700.0,7.0,127.0,57.0,424.0,26.0,0.01842083,24.0,BNB
536,6,2020-08-01,21.558993,21.64254,265418862,3096733608.0,296.0,226.0,24.0,50.0,17.0,525.0,711.0,1128356.0,7.0,117.0,48.0,399.0,19.0,0.01720916,23.0,BNB
537,6,2020-08-02,20.56848,20.960869,303968097,2987379067.0,230.0,175.0,29.0,53.0,24.0,483.0,594.0,1397301.0,10.0,102.0,28.0,369.0,23.0,0.02302097,24.0,BNB
538,6,2020-08-03,21.304175,22.101996,273300188,3311083764.0,342.0,288.0,27.0,54.0,14.0,797.0,823.0,2512188.0,19.0,264.0,59.0,880.0,10.0,0.03076298,11.0,BNB
539,6,2020-08-04,21.965275,22.310008,262176183,3236436930.0,303.0,233.0,27.0,60.0,20.0,913.0,981.0,2023587.0,10.0,146.0,72.0,529.0,17.0,0.01535812,24.0,BNB
540,6,2020-08-05,23.214865,23.293563,357768082,3427018021.0,309.0,251.0,23.0,56.0,16.0,779.0,758.0,1107310.0,10.0,220.0,61.0,450.0,15.0,0.02187446,21.0,BNB
541,6,2020-08-06,23.28688,22.76575,251813932,3424893371.0,306.0,263.0,23.0,40.0,4.0,756.0,1096.0,1380383.0,10.0,143.0,36.0,422.0,4.0,0.00864328,24.0,BNB
542,6,2020-08-07,22.435276,22.376227,329590485,3372670775.0,285.0,182.0,52.0,84.0,15.0,594.0,836.0,989998.0,6.0,107.0,36.0,359.0,10.0,0.01269157,16.0,BNB
543,6,2020-08-08,22.736396,22.90089,250083411,3355469139.0,292.0,210.0,24.0,184.0,26.0,449.0,618.0,981182.0,10.0,105.0,56.0,433.0,21.0,0.01326028,23.0,BNB
544,6,2020-08-09,22.762687,22.431384,224252357,3316255564.0,242.0,214.0,31.0,49.0,14.0,519.0,551.0,678745.0,11.0,128.0,33.0,392.0,22.0,0.008951,11.0,BNB
545,6,2020-08-10,22.766621,22.660665,249132236,3329780971.0,212.0,181.0,21.0,52.0,15.0,1051.0,974.0,1756759.0,8.0,202.0,41.0,693.0,11.0,0.00595487,21.0,BNB
546,6,2020-08-11,21.884008,21.320972,324663730,3236241073.0,354.0,279.0,18.0,54.0,13.0,538.0,863.0,573715.0,13.0,132.0,21.0,308.0,10.0,0.02260589,14.0,BNB
547,6,2020-08-12,21.608687,21.54653,262814169,3225620522.0,455.0,368.0,23.0,40.0,4.0,728.0,886.0,1934546.0,15.0,142.0,43.0,498.0,7.0,0.01986838,19.0,BNB
548,6,2020-08-13,22.079355,21.765267,303233552,3133011308.0,433.0,340.0,27.0,71.0,11.0,489.0,831.0,569825.0,3.0,62.0,18.0,163.0,6.0,0.01376106,8.0,BNB
549,6,2020-08-14,21.83212,23.115008,368345802,3335607941.0,655.0,495.0,31.0,68.0,22.0,586.0,1121.0,1129402.0,6.0,152.0,62.0,592.0,11.0,0.03249869,24.0,BNB
550,6,2020-08-15,23.231054,23.096175,283697154,3415551064.0,477.0,398.0,31.0,65.0,15.0,518.0,2569.0,939406.0,7.0,119.0,104.0,706.0,4.0,0.01828153,12.0,BNB
551,6,2020-08-16,23.181569,23.525189,281115356,3405238649.0,404.0,295.0,21.0,47.0,28.0,420.0,1971.0,713467.0,8.0,83.0,26.0,225.0,1.0,0.00822419,4.0,BNB
552,6,2020-08-17,24.066196,23.488623,279621395,3419839226.0,547.0,391.0,26.0,76.0,7.0,464.0,3884.0,1495587.0,7.0,79.0,84.0,536.0,8.0,0.01016311,20.0,BNB
553,6,2020-08-18,23.025261,22.999312,281839202,3443945011.0,532.0,396.0,30.0,80.0,14.0,490.0,1769.0,603317.0,3.0,84.0,3.0,418.0,6.0,0.01282135,13.0,BNB
554,6,2020-08-19,22.732347,22.39466,246151551,3361978725.0,505.0,355.0,38.0,78.0,11.0,491.0,1362.0,865674.0,9.0,134.0,23.0,430.0,5.0,0.01521464,14.0,BNB
555,6,2020-08-20,22.555614,23.107709,262486335,3326166136.0,565.0,391.0,26.0,59.0,8.0,742.0,1381.0,3596011.0,10.0,145.0,71.0,549.0,13.0,0.01445232,1.0,BNB
556,6,2020-08-21,22.570913,22.137351,271470623,3360157371.0,592.0,390.0,12.0,28.0,21.0,545.0,1100.0,669464.0,14.0,133.0,63.0,399.0,16.0,0.01806159,2.0,BNB
557,6,2020-08-22,22.321245,22.199396,228505250,3273931146.0,571.0,396.0,15.0,40.0,7.0,599.0,2614.0,757431.0,12.0,149.0,26.0,418.0,7.0,0.01499989,13.0,BNB
558,6,2020-08-23,22.139926,21.859035,201296512,3217107500.0,576.0,399.0,22.0,54.0,18.0,615.0,1386.0,844577.0,16.0,122.0,50.0,566.0,9.0,0.00775864,24.0,BNB
559,6,2020-08-24,22.095897,22.624435,213992160,3355361977.0,688.0,510.0,28.0,47.0,29.0,1188.0,2281.0,3113189.0,47.0,496.0,689.0,1326.0,20.0,0.0143594,25.0,BNB
560,6,2020-08-25,21.931534,21.416621,248069134,3285780808.0,806.0,624.0,35.0,81.0,17.0,635.0,1902.0,981194.0,13.0,146.0,51.0,442.0,25.0,0.0181348,16.0,BNB
561,6,2020-08-26,21.599662,22.227776,266828658,3250516153.0,1697.0,1560.0,29.0,62.0,11.0,803.0,2384.0,1172255.0,37.0,272.0,57.0,904.0,4.0,0.01765407,19.0,BNB
562,6,2020-08-27,22.053314,23.049029,304579804,3346889623.0,879.0,763.0,25.0,50.0,13.0,752.0,1919.0,1125453.0,46.0,399.0,63.0,556.0,3.0,0.01330482,4.0,BNB
563,6,2020-08-28,23.355805,23.081969,264752879,3353381615.0,838.0,727.0,22.0,92.0,10.0,982.0,4689.0,1168175.0,9.0,85.0,73.0,441.0,4.0,0.01468111,17.0,BNB
564,6,2020-08-29,23.049998,22.987645,211903634,3414434859.0,578.0,533.0,24.0,43.0,17.0,1004.0,1589.0,1075410.0,184.0,199.0,77.0,588.0,9.0,0.0081587,21.0,BNB
565,6,2020-08-30,23.45491,23.611288,227985694,3421034075.0,397.0,355.0,26.0,64.0,16.0,469.0,1092.0,1939319.0,3.0,50.0,25.0,208.0,21.0,0.00965384,14.0,BNB
566,6,2020-08-31,23.602827,23.172444,216151384,3462368056.0,461.0,432.0,19.0,40.0,16.0,615.0,889.0,2036434.0,22.0,170.0,82.0,683.0,9.0,0.00945834,24.0,BNB
567,6,2020-09-01,23.809496,24.738875,457363400,3426334035.0,671.0,621.0,33.0,100.0,39.0,1087.0,1249.0,3391018.0,36.0,275.0,185.0,1497.0,18.0,0.02196107,22.0,BNB
568,6,2020-09-02,23.754489,24.785303,587575506,3575845229.0,590.0,541.0,32.0,52.0,39.0,1509.0,4418.0,3519531.0,12.0,213.0,80.0,750.0,21.0,0.02694987,23.0,BNB
569,6,2020-09-03,22.504665,20.521688,568893506,3383000669.0,626.0,595.0,45.0,87.0,17.0,542.0,2744.0,2342986.0,8.0,92.0,38.0,225.0,6.0,0.05127022,23.0,BNB
570,6,2020-09-04,20.95276,21.061632,488790657,3181663992.0,397.0,384.0,21.0,38.0,16.0,454.0,1295.0,782878.0,9.0,80.0,55.0,373.0,20.0,0.0527249,24.0,BNB
571,6,2020-09-05,20.422856,19.512834,401180171,2783930117.0,504.0,473.0,34.0,124.0,26.0,564.0,1125.0,1533440.0,14.0,146.0,52.0,550.0,24.0,0.0439204,24.0,BNB
572,6,2020-09-06,19.72419,23.204836,763921731,3290819232.0,351.0,310.0,23.0,29.0,7.0,562.0,814.0,5679142.0,50.0,364.0,338.0,1630.0,12.0,0.07085046,4.0,BNB
573,6,2020-09-07,23.37949,22.476869,554557822,3028313684.0,494.0,459.0,33.0,68.0,17.0,412.0,710.0,666726.0,4.0,54.0,22.0,178.0,8.0,0.04166458,21.0,BNB
574,6,2020-09-08,22.043884,23.303091,563907713,3239529907.0,885.0,778.0,19.0,38.0,17.0,569.0,1205.0,1372268.0,17.0,146.0,101.0,591.0,8.0,0.02615868,22.0,BNB
575,6,2020-09-09,23.529867,24.521938,463894951,3456207916.0,1017.0,952.0,40.0,418.0,61.0,639.0,1208.0,2008704.0,12.0,128.0,80.0,659.0,29.0,0.02904711,23.0,BNB
576,6,2020-09-10,24.832842,24.577592,461629656,3743207856.0,1122.0,788.0,31.0,62.0,23.0,518.0,1475.0,2605311.0,12.0,84.0,45.0,261.0,27.0,0.02353626,16.0,BNB
577,6,2020-09-11,24.681121,25.445446,430908642,3501286345.0,861.0,667.0,20.0,46.0,20.0,977.0,1488.0,2401176.0,26.0,314.0,275.0,1405.0,13.0,0.03076822,21.0,BNB
578,6,2020-09-12,25.640959,28.534867,714775010,3989437124.0,905.0,610.0,19.0,73.0,12.0,1185.0,1538.0,4036214.0,23.0,232.0,137.0,1010.0,25.0,0.06224527,7.0,BNB
579,6,2020-09-13,28.163821,31.185046,1191150296,4400343496.0,683.0,550.0,31.0,56.0,24.0,957.0,1419.0,4217576.0,16.0,251.0,132.0,1042.0,29.0,0.0532332,21.0,BNB
580,6,2020-09-14,31.990012,31.281829,1046565969,4803977706.0,1525.0,773.0,24.0,51.0,5.0,1090.0,2050.0,3515157.0,15.0,281.0,100.0,871.0,34.0,0.03396865,6.0,BNB
581,6,2020-09-15,31.445666,27.187009,894379369,4316560080.0,1268.0,857.0,23.0,56.0,34.0,695.0,1558.0,2148533.0,12.0,242.0,122.0,815.0,22.0,0.05218702,21.0,BNB
582,6,2020-09-16,27.48471,27.861761,697970660,4051513745.0,823.0,747.0,34.0,73.0,8.0,3482.0,4237.0,2444456.0,7.0,2149.0,83.0,2383.0,38.0,0.0284585,15.0,BNB
583,6,2020-09-17,27.967851,27.075728,538926109,3933866643.0,797.0,683.0,25.0,56.0,20.0,2926.0,6473.0,3875010.0,22.0,229.0,199.0,1119.0,33.0,0.02251247,21.0,BNB
584,6,2020-09-18,27.057731,27.637424,510363994,4148910976.0,816.0,624.0,28.0,63.0,21.0,1983.0,11930.0,1312340.0,4.0,97.0,19.0,197.0,13.0,0.02121119,5.0,BNB
585,6,2020-09-19,27.866154,27.256206,348137762,4037755792.0,654.0,495.0,9.0,21.0,7.0,1240.0,2327.0,1123030.0,6.0,74.0,36.0,254.0,12.0,0.01194425,6.0,BNB
586,6,2020-09-20,26.957043,26.423867,360485678,3913004434.0,547.0,376.0,18.0,34.0,11.0,850.0,1560.0,1422254.0,2.0,58.0,10.0,197.0,8.0,0.01823031,11.0,BNB
587,6,2020-09-21,25.48438,23.189654,485280271,3493831425.0,693.0,572.0,19.0,55.0,6.0,947.0,1698.0,868576.0,47.0,180.0,32.0,254.0,11.0,0.04991609,10.0,BNB
588,6,2020-09-22,23.333332,24.113399,362188275,3618429232.0,757.0,651.0,21.0,41.0,15.0,839.0,1965.0,1129424.0,5.0,169.0,28.0,221.0,13.0,0.02780479,22.0,BNB
589,6,2020-09-23,23.624495,22.909114,329390884,3552772241.0,1007.0,920.0,15.0,38.0,16.0,780.0,1872.0,2248408.0,5.0,95.0,22.0,240.0,21.0,0.01489817,21.0,BNB
590,6,2020-09-24,23.597476,24.537052,399650334,3497381213.0,798.0,617.0,21.0,55.0,8.0,2090.0,1628.0,868256.0,710.0,262.0,53.0,629.0,8.0,0.01869916,4.0,BNB
591,6,2020-09-25,24.489484,24.653619,385291491,3591043438.0,680.0,428.0,12.0,31.0,9.0,1003.0,1141.0,597482.0,3.0,39.0,15.0,135.0,5.0,0.0151629,2.0,BNB
592,6,2020-09-26,24.709417,26.153146,426007899,3711461740.0,562.0,434.0,13.0,36.0,20.0,625.0,1297.0,573085.0,10.0,89.0,48.0,373.0,5.0,0.02320467,18.0,BNB
593,6,2020-09-27,26.233916,26.214565,372752629,3832951843.0,451.0,357.0,6.0,22.0,7.0,1155.0,1184.0,667884.0,5.0,141.0,28.0,187.0,3.0,0.01862696,18.0,BNB
594,6,2020-09-28,26.088582,26.957129,453422080,3957319981.0,512.0,461.0,22.0,55.0,32.0,685.0,1547.0,533116.0,7.0,221.0,71.0,440.0,11.0,0.0179886,8.0,BNB
595,6,2020-09-29,27.230282,28.871461,519369687,4228488806.0,706.0,614.0,21.0,52.0,11.0,676.0,1466.0,1243266.0,8.0,108.0,49.0,222.0,10.0,0.02565217,12.0,BNB
596,6,2020-09-30,28.826363,29.33401,485894302,4187828329.0,724.0,665.0,25.0,52.0,12.0,783.0,1393.0,1412192.0,10.0,264.0,308.0,638.0,11.0,0.01550381,,BNB
597,6,2020-10-01,29.007456,27.512579,513362874,4286510247.0,750.0,661.0,14.0,38.0,21.0,865.0,3115.0,793922.0,10.0,102.0,38.0,158.0,15.0,0.02538271,2.0,BNB
598,6,2020-10-02,27.429636,27.388898,549961767,3923214728.0,747.0,681.0,13.0,32.0,3.0,1040.0,1332.0,677977.0,21.0,452.0,161.0,416.0,24.0,0.02726674,16.0,BNB
599,6,2020-10-03,27.331635,28.238217,435778677,4095024908.0,883.0,420.0,17.0,43.0,7.0,922.0,1450.0,790071.0,12.0,276.0,162.0,284.0,23.0,0.01785671,16.0,BNB
600,6,2020-10-04,28.473281,29.041181,442314047,4235070113.0,796.0,442.0,12.0,42.0,6.0,1186.0,1242.0,4064693.0,95.0,418.0,141.0,1021.0,20.0,0.01582176,18.0,BNB
601,6,2020-10-05,29.213359,28.591274,365750540,4177322225.0,1076.0,538.0,7.0,28.0,3.0,1351.0,1492.0,2312949.0,17.0,474.0,47.0,448.0,23.0,0.01017667,20.0,BNB
602,6,2020-10-06,28.358317,27.81158,424707165,4183556286.0,825.0,607.0,9.0,25.0,11.0,1190.0,2383.0,2688022.0,19.0,315.0,64.0,454.0,15.0,0.0147089,4.0,BNB
603,6,2020-10-07,27.834524,27.721114,343453726,4071636049.0,621.0,582.0,16.0,137.0,16.0,1868.0,3915.0,1153807.0,25.0,146.0,45.0,269.0,21.0,0.0145286,4.0,BNB
604,6,2020-10-08,28.125144,27.793231,374116753,4027260180.0,674.0,475.0,13.0,25.0,11.0,1291.0,6131.0,736462.0,6.0,74.0,20.0,200.0,25.0,0.01032221,7.0,BNB
605,6,2020-10-09,27.995741,28.420622,397141624,4199167234.0,479.0,431.0,20.0,61.0,15.0,846.0,2099.0,810633.0,10.0,345.0,99.0,544.0,24.0,0.01650212,22.0,BNB
606,6,2020-10-10,28.840777,28.4278,363404823,4229318909.0,371.0,277.0,5.0,22.0,9.0,848.0,766.0,1270427.0,16.0,347.0,49.0,582.0,24.0,0.00977806,21.0,BNB
607,6,2020-10-11,28.551201,28.578794,349068952,4197963302.0,416.0,320.0,13.0,56.0,15.0,2916.0,4223.0,2520408.0,14.0,1951.0,107.0,2033.0,24.0,0.01074596,22.0,BNB
608,6,2020-10-12,28.898922,30.715924,594796746,4472989048.0,515.0,486.0,22.0,128.0,12.0,3330.0,9098.0,3376788.0,29.0,1609.0,518.0,1363.0,13.0,0.03220626,8.0,BNB
609,6,2020-10-13,30.502328,30.791861,494840398,4559487692.0,529.0,510.0,22.0,32.0,12.0,3407.0,3970.0,3022939.0,11.0,372.0,97.0,657.0,8.0,0.01541215,6.0,BNB
610,6,2020-10-14,30.687658,30.838962,383076182,4535998740.0,892.0,568.0,23.0,46.0,14.0,1299.0,11251.0,691203.0,2.0,152.0,27.0,284.0,7.0,0.0063806,9.0,BNB
611,6,2020-10-15,31.024504,31.389077,439480319,4586743767.0,950.0,628.0,12.0,36.0,12.0,1750.0,8438.0,1335491.0,5.0,465.0,89.0,879.0,8.0,0.00985592,,BNB
612,6,2020-10-16,30.989858,30.059021,461057332,4495468823.0,1694.0,480.0,14.0,71.0,19.0,1025.0,3796.0,1823446.0,16.0,115.0,22.0,358.0,8.0,0.01738864,2.0,BNB
613,6,2020-10-17,30.143107,30.259257,318699140,4503196669.0,963.0,389.0,18.0,45.0,13.0,933.0,3235.0,2264200.0,12.0,144.0,57.0,435.0,14.0,0.00906723,,BNB
614,6,2020-10-18,30.530249,30.669019,377111243,4540706212.0,484.0,347.0,19.0,31.0,18.0,403.0,1474.0,852381.0,25.0,343.0,48.0,523.0,16.0,0.00754749,3.0,BNB
615,6,2020-10-19,31.059287,29.897085,320018376,4479930192.0,570.0,485.0,19.0,69.0,36.0,422.0,1784.0,1100429.0,4.0,98.0,21.0,269.0,24.0,0.00941126,,BNB
616,6,2020-10-20,30.159293,28.797633,412901009,4301156639.0,496.0,443.0,28.0,52.0,13.0,678.0,3872.0,1451730.0,9.0,106.0,48.0,297.0,17.0,0.01680526,,BNB
617,6,2020-10-21,30.250651,29.737285,434033764,4328316334.0,700.0,645.0,25.0,76.0,14.0,822.0,2349.0,3918400.0,28.0,224.0,86.0,675.0,19.0,0.01680949,8.0,BNB
618,6,2020-10-22,30.110537,30.668098,453179937,4561328275.0,661.0,613.0,25.0,87.0,10.0,729.0,1633.0,776644.0,14.0,98.0,56.0,402.0,14.0,0.01670637,24.0,BNB
619,6,2020-10-23,30.52538,30.609476,351551952,4585578358.0,423.0,392.0,18.0,43.0,17.0,686.0,1257.0,1945601.0,17.0,139.0,33.0,381.0,9.0,0.00817333,24.0,BNB
620,6,2020-10-24,30.927988,30.63125,282210904,4527010599.0,473.0,381.0,12.0,31.0,5.0,785.0,1622.0,1529070.0,26.0,144.0,35.0,376.0,8.0,0.00534101,24.0,BNB
621,6,2020-10-25,30.504609,30.286512,268523615,4463942629.0,383.0,322.0,19.0,39.0,17.0,1182.0,2257.0,706983.0,5.0,104.0,22.0,142.0,9.0,0.00648705,24.0,BNB
622,6,2020-10-26,30.214373,31.123298,407212826,4582589138.0,389.0,369.0,14.0,29.0,7.0,1347.0,1097.0,514369.0,81.0,773.0,781.0,977.0,7.0,0.00983601,12.0,BNB
623,6,2020-10-27,31.960539,31.597576,480805484,4649087595.0,836.0,699.0,21.0,82.0,15.0,771.0,1909.0,1149972.0,15.0,111.0,43.0,240.0,29.0,0.01396919,24.0,BNB
624,6,2020-10-28,30.970566,30.49289,389848099,4528127228.0,702.0,597.0,15.0,45.0,15.0,605.0,947.0,777890.0,15.0,111.0,24.0,266.0,27.0,0.01851017,24.0,BNB
625,6,2020-10-29,30.746047,29.914247,338588682,4431367756.0,722.0,657.0,34.0,65.0,14.0,503.0,1168.0,775056.0,12.0,93.0,30.0,279.0,24.0,0.0166998,24.0,BNB
626,6,2020-10-30,30.043432,28.591202,447483083,4210222957.0,725.0,535.0,22.0,56.0,10.0,566.0,1365.0,627430.0,12.0,82.0,17.0,276.0,25.0,0.02619409,24.0,BNB
627,6,2020-10-31,28.833912,28.514847,298215657,4253030238.0,925.0,339.0,14.0,30.0,8.0,1333.0,1390.0,1323061.0,12.0,111.0,115.0,392.0,24.0,0.00828739,24.0,BNB
628,6,2020-11-01,28.519155,28.513012,279524730,4172238397.0,519.0,343.0,13.0,85.0,13.0,956.0,1032.0,1567701.0,14.0,106.0,31.0,349.0,29.0,0.00677068,24.0,BNB
629,6,2020-11-02,28.231426,27.889276,316625272,4177032561.0,583.0,475.0,17.0,31.0,18.0,667.0,877.0,2491525.0,23.0,169.0,97.0,691.0,32.0,0.01614014,28.0,BNB
630,6,2020-11-03,28.331345,26.853626,371841407,3963227591.0,567.0,527.0,13.0,67.0,23.0,529.0,809.0,1280940.0,12.0,111.0,76.0,433.0,32.0,0.02945986,24.0,BNB
631,6,2020-11-04,27.06999,26.931175,314733833,3893319280.0,472.0,457.0,17.0,67.0,17.0,658.0,3514.0,703321.0,10.0,110.0,68.0,290.0,34.0,0.01204486,25.0,BNB
632,6,2020-11-05,28.57552,27.792603,376323444,3988613877.0,630.0,571.0,23.0,46.0,12.0,783.0,4872.0,1295569.0,19.0,108.0,29.0,281.0,25.0,0.01999294,24.0,BNB
633,6,2020-11-06,27.889698,29.061853,422039920,4211368193.0,473.0,410.0,29.0,133.0,36.0,807.0,1377.0,954957.0,116.0,216.0,93.0,573.0,26.0,0.02291956,24.0,BNB
634,6,2020-11-07,28.171381,27.758713,438893041,4408122249.0,393.0,362.0,16.0,37.0,7.0,568.0,737.0,841226.0,6.0,43.0,16.0,133.0,6.0,0.01818895,18.0,BNB
635,6,2020-11-08,28.379307,28.346962,399332653,4212948845.0,392.0,350.0,18.0,69.0,14.0,309.0,931.0,700707.0,8.0,46.0,20.0,163.0,11.0,0.01755669,14.0,BNB
636,6,2020-11-09,28.248882,27.967258,402360600,4173851006.0,463.0,442.0,20.0,54.0,27.0,1117.0,1615.0,2061468.0,23.0,344.0,117.0,809.0,15.0,0.00946045,2.0,BNB
637,6,2020-11-10,28.019601,28.19293,388249973,4169403072.0,546.0,517.0,22.0,68.0,24.0,365.0,1515.0,541288.0,3.0,74.0,10.0,175.0,18.0,0.00737991,4.0,BNB
638,6,2020-11-11,28.603549,27.892182,343616547,4152620967.0,603.0,559.0,15.0,49.0,2.0,427.0,1122.0,730048.0,17.0,92.0,42.0,295.0,12.0,0.0052061,18.0,BNB
639,6,2020-11-12,28.551636,27.640157,318257535,4125784348.0,697.0,640.0,13.0,53.0,22.0,468.0,1187.0,799876.0,15.0,61.0,57.0,249.0,13.0,0.0072293,26.0,BNB
640,6,2020-11-13,27.78887,28.232935,353981723,4160298934.0,666.0,456.0,30.0,80.0,10.0,467.0,1210.0,591884.0,9.0,63.0,17.0,161.0,24.0,0.00912833,24.0,BNB
641,6,2020-11-14,27.95166,27.931088,305121600,4077698797.0,404.0,369.0,11.0,13.0,8.0,490.0,1327.0,711660.0,129.0,180.0,65.0,465.0,3.0,0.00800918,17.0,BNB
642,6,2020-11-15,27.793231,27.667368,302893076,4127245531.0,483.0,363.0,12.0,46.0,11.0,561.0,924.0,616768.0,76.0,189.0,108.0,549.0,27.0,0.00644336,17.0,BNB
643,6,2020-11-16,28.390502,28.026825,329324813,4119787878.0,587.0,526.0,18.0,40.0,24.0,535.0,1070.0,1025351.0,18.0,134.0,89.0,473.0,31.0,0.00872543,21.0,BNB
644,6,2020-11-17,28.98699,28.564384,382588015,4243679620.0,701.0,604.0,28.0,83.0,29.0,1737.0,1249.0,1421903.0,42.0,909.0,89.0,1482.0,23.0,0.01001273,21.0,BNB
645,6,2020-11-18,28.675236,28.099834,389206487,4152415672.0,598.0,572.0,24.0,49.0,22.0,654.0,1410.0,764742.0,14.0,182.0,85.0,331.0,18.0,0.00994723,,BNB
646,6,2020-11-19,28.099467,28.057501,338386307,4159222718.0,1358.0,599.0,27.0,57.0,29.0,816.0,1483.0,796078.0,32.0,166.0,230.0,649.0,24.0,0.00702585,,BNB
647,6,2020-11-20,29.028849,29.004274,390368365,4307837678.0,681.0,549.0,20.0,53.0,18.0,505.0,1419.0,730397.0,8.0,59.0,64.0,239.0,16.0,0.01400578,11.0,BNB
648,6,2020-11-21,29.098757,30.456917,496142652,4327550766.0,692.0,457.0,26.0,54.0,25.0,498.0,1527.0,985540.0,12.0,69.0,27.0,268.0,11.0,0.02090009,8.0,BNB
649,6,2020-11-22,30.278493,29.970474,497129824,4386454308.0,671.0,403.0,20.0,40.0,11.0,780.0,1021.0,734539.0,11.0,83.0,30.0,251.0,20.0,0.01606155,10.0,BNB
650,6,2020-11-23,30.227132,31.028909,513062393,4535646334.0,859.0,562.0,40.0,96.0,49.0,1320.0,1374.0,1474921.0,49.0,229.0,178.0,664.0,17.0,0.02023021,10.0,BNB
651,6,2020-11-24,31.88043,33.83609,1036232954,4826387083.0,808.0,572.0,43.0,78.0,43.0,1246.0,1235.0,1117151.0,26.0,144.0,76.0,633.0,17.0,0.04020236,3.0,BNB
652,6,2020-11-25,33.281635,31.344366,703158645,4939150043.0,610.0,542.0,34.0,100.0,35.0,523.0,1049.0,962473.0,14.0,89.0,26.0,355.0,22.0,0.02814699,14.0,BNB
653,6,2020-11-26,29.543288,28.275918,771805705,4198812762.0,726.0,521.0,23.0,81.0,29.0,445.0,1023.0,2022482.0,14.0,90.0,59.0,299.0,23.0,0.06603608,21.0,BNB
654,6,2020-11-27,28.235438,28.451255,424579056,4156372124.0,706.0,514.0,32.0,79.0,38.0,848.0,1456.0,1850131.0,9.0,102.0,94.0,483.0,29.0,0.02216179,24.0,BNB
655,6,2020-11-28,28.998745,29.196694,412887416,4215194746.0,571.0,441.0,26.0,55.0,31.0,725.0,981.0,1420639.0,14.0,92.0,44.0,392.0,31.0,0.01526475,24.0,BNB
656,6,2020-11-29,29.846051,30.10861,382726216,4341703105.0,591.0,457.0,25.0,115.0,25.0,834.0,1033.0,1119627.0,18.0,124.0,29.0,443.0,29.0,0.01969213,22.0,BNB
657,6,2020-11-30,31.620814,31.435926,462465653,4518749513.0,633.0,525.0,39.0,106.0,39.0,1053.0,1111.0,1172811.0,9.0,68.0,40.0,290.0,22.0,0.01653317,13.0,BNB
658,6,2020-12-01,30.57231,30.150504,515471093,4624282988.0,634.0,544.0,29.0,117.0,24.0,739.0,1083.0,490383.0,24.0,65.0,9.0,207.0,2.0,0.0182136,8.0,BNB
659,6,2020-12-02,30.632734,30.326997,404113046,4479410376.0,611.0,588.0,30.0,82.0,28.0,299.0,922.0,1036617.0,14.0,99.0,46.0,355.0,5.0,0.01783198,4.0,BNB
660,6,2020-12-03,30.528568,30.669741,358960272,4499956165.0,701.0,654.0,38.0,57.0,20.0,605.0,1592.0,1783725.0,19.0,126.0,300.0,658.0,14.0,0.00662711,11.0,BNB
661,6,2020-12-04,30.021888,29.056102,376443111,4558438585.0,588.0,549.0,33.0,65.0,15.0,611.0,1506.0,942745.0,14.0,166.0,376.0,827.0,23.0,0.00973691,27.0,BNB
662,6,2020-12-05,29.544872,29.778113,345564546,4302260663.0,367.0,335.0,35.0,47.0,37.0,373.0,1492.0,504137.0,7.0,72.0,149.0,203.0,26.0,0.01747965,28.0,BNB
663,6,2020-12-06,29.952479,29.550757,281406639,4434753999.0,445.0,330.0,37.0,54.0,48.0,392.0,2858.0,505233.0,5.0,54.0,38.0,250.0,19.0,0.00865477,29.0,BNB
664,6,2020-12-07,29.376754,29.408887,268944151,4352771158.0,545.0,416.0,21.0,54.0,24.0,876.0,4127.0,3788360.0,39.0,191.0,66.0,712.0,14.0,0.00577421,15.0,BNB
665,6,2020-12-08,28.753556,27.743833,359542883,4372461336.0,638.0,560.0,31.0,438.0,40.0,819.0,2620.0,3354859.0,31.0,263.0,71.0,706.0,16.0,0.01026392,11.0,BNB
666,6,2020-12-09,27.928194,28.191135,361137281,4078684577.0,803.0,731.0,30.0,130.0,41.0,564.0,1689.0,2800637.0,32.0,104.0,67.0,777.0,22.0,0.02366022,24.0,BNB
667,6,2020-12-10,27.881042,27.6965,303556389,4167080474.0,723.0,679.0,34.0,71.0,17.0,451.0,1383.0,740062.0,7.0,97.0,36.0,462.0,,0.00992583,21.0,BNB
668,6,2020-12-11,27.527166,27.378301,289613098,4042335598.0,581.0,521.0,33.0,71.0,26.0,438.0,1207.0,728804.0,75.0,123.0,55.0,428.0,2.0,0.01192998,19.0,BNB
669,6,2020-12-12,28.056003,28.223173,250297619,4121052615.0,348.0,324.0,19.0,96.0,26.0,265.0,979.0,468329.0,7.0,42.0,21.0,94.0,,0.01186263,25.0,BNB
670,6,2020-12-13,28.515965,29.123349,311656588,4173076165.0,286.0,258.0,26.0,98.0,30.0,472.0,1472.0,407623.0,11.0,50.0,145.0,308.0,,0.01490297,29.0,BNB
671,6,2020-12-14,29.20961,29.98065,386083460,4294405762.0,445.0,400.0,32.0,74.0,43.0,353.0,1008.0,700999.0,16.0,31.0,19.0,196.0,,0.01427424,22.0,BNB
672,6,2020-12-15,30.15083,29.501347,334548388,4464202840.0,558.0,524.0,30.0,68.0,30.0,521.0,1170.0,779500.0,22.0,126.0,80.0,756.0,3.0,0.01570303,8.0,BNB
673,6,2020-12-16,31.149575,30.506541,401087817,4345103407.0,868.0,731.0,26.0,111.0,39.0,813.0,1407.0,1010621.0,8.0,59.0,29.0,278.0,1.0,0.0105804,14.0,BNB
674,6,2020-12-17,31.813186,30.145452,549074489,4561416523.0,993.0,707.0,45.0,104.0,36.0,1030.0,3356.0,1743739.0,8.0,139.0,89.0,778.0,2.0,0.01983437,,BNB
675,6,2020-12-18,30.443481,30.965826,413159790,4422785617.0,1744.0,786.0,34.0,151.0,48.0,1771.0,4857.0,771868.0,3.0,59.0,30.0,287.0,,0.01263551,,BNB
676,6,2020-12-19,31.599116,33.285116,646150095,,527.0,508.0,37.0,81.0,52.0,628.0,1998.0,1233968.0,4.0,83.0,36.0,376.0,7.0,0.02681817,,BNB
677,6,2020-12-20,32.94194,34.326583,704759141,,596.0,578.0,32.0,73.0,24.0,1748.0,2240.0,3513407.0,28.0,3270.0,1309.0,3476.0,14.0,0.03322002,8.0,BNB
678,6,2020-12-21,33.541139,32.130149,685984035,,682.0,660.0,46.0,173.0,68.0,2466.0,2277.0,2489132.0,14.0,187.0,117.0,502.0,24.0,0.02659753,16.0,BNB
679,6,2020-12-22,33.125426,33.601267,663458285,,675.0,579.0,50.0,121.0,38.0,860.0,1744.0,1030946.0,6.0,206.0,54.0,411.0,25.0,0.03441855,25.0,BNB
680,6,2020-12-23,32.920151,31.242929,680776663,,759.0,640.0,46.0,118.0,51.0,853.0,1976.0,2220776.0,10.0,197.0,176.0,707.0,16.0,0.02276917,23.0,BNB
681,6,2020-12-24,31.678997,32.540517,570899836,,528.0,465.0,57.0,115.0,28.0,656.0,2019.0,1525282.0,20.0,161.0,288.0,703.0,24.0,0.02732735,21.0,BNB
682,6,2020-12-25,33.271211,33.164461,478587278,,499.0,447.0,38.0,91.0,30.0,1785.0,1469.0,997580.0,14.0,195.0,343.0,831.0,23.0,0.01740837,19.0,BNB
683,6,2020-12-26,34.618327,33.642998,493592886,,622.0,448.0,43.0,90.0,40.0,1009.0,1709.0,901160.0,33.0,315.0,442.0,939.0,18.0,0.01461773,7.0,BNB
684,6,2020-12-27,33.703173,33.654798,664085730,,415.0,357.0,55.0,148.0,42.0,2507.0,3811.0,2264336.0,37.0,1543.0,419.0,2564.0,16.0,0.01381519,6.0,BNB
685,6,2020-12-28,34.401746,35.947129,740207540,,505.0,444.0,65.0,156.0,45.0,4608.0,19296.0,4160417.0,26.0,437.0,170.0,1468.0,9.0,0.02006181,15.0,BNB
686,6,2020-12-29,36.15091,39.018408,1161434336,,655.0,536.0,47.0,85.0,47.0,3687.0,14609.0,4892873.0,71.0,816.0,457.0,2098.0,14.0,0.03737076,2.0,BNB
687,6,2020-12-30,40.271999,38.08392,580876754,,539.0,478.0,57.0,169.0,66.0,2435.0,6212.0,3073759.0,38.0,595.0,246.0,1373.0,17.0,0.02349854,8.0,BNB
688,6,2020-12-31,38.165107,37.417604,460066826,,627.0,552.0,64.0,214.0,73.0,2002.0,4747.0,4083679.0,66.0,817.0,514.0,1658.0,2.0,0.00932213,11.0,BNB
689,6,2021-01-01,37.645859,37.834593,531939900,,359.0,348.0,50.0,98.0,27.0,1033.0,2871.0,955413.0,7.0,101.0,318.0,400.0,5.0,0.00973939,17.0,BNB
690,6,2021-01-02,40.123076,38.241409,614151271,,1342.0,281.0,73.0,176.0,90.0,906.0,4510.0,2439373.0,37.0,474.0,307.0,956.0,1.0,0.01130288,22.0,BNB
691,6,2021-01-03,40.14538,41.230832,927757218,,436.0,391.0,74.0,168.0,96.0,1382.0,2411.0,2718728.0,21.0,597.0,145.0,1348.0,,0.0180973,24.0,BNB
692,6,2021-01-04,40.833349,41.147131,978418598,,714.0,607.0,104.0,197.0,97.0,698.0,2012.0,1029046.0,14.0,251.0,170.0,607.0,,0.03285586,19.0,BNB
693,6,2021-01-05,42.548329,41.858079,767392354,,1163.0,804.0,92.0,207.0,83.0,1453.0,2513.0,1512084.0,25.0,411.0,656.0,1803.0,15.0,0.01850929,9.0,BNB
694,6,2021-01-06,44.254151,42.234753,784079017,,871.0,828.0,95.0,216.0,116.0,1388.0,2703.0,6000572.0,27.0,386.0,654.0,1494.0,12.0,0.01585796,19.0,BNB
695,6,2021-01-07,44.303637,43.839221,970597102,,960.0,893.0,129.0,243.0,119.0,1218.0,2273.0,1573411.0,11.0,258.0,422.0,893.0,15.0,0.02249208,24.0,BNB
696,6,2021-01-08,44.441359,42.589815,728812211,,1246.0,899.0,121.0,322.0,119.0,1483.0,3373.0,1633713.0,24.0,300.0,242.0,1181.0,6.0,0.02223245,32.0,BNB
697,6,2021-01-09,42.490107,43.983406,640332576,,629.0,559.0,88.0,156.0,114.0,784.0,2723.0,1216587.0,16.0,145.0,82.0,533.0,20.0,0.0165538,29.0,BNB
698,6,2021-01-10,42.812327,42.585121,797896479,,636.0,557.0,104.0,190.0,90.0,1661.0,7254.0,2325830.0,22.0,533.0,923.0,1740.0,31.0,0.01910706,27.0,BNB
699,6,2021-01-11,40.014255,38.505132,1019330428,6173187677.0,617.0,581.0,64.0,209.0,52.0,546.0,2812.0,4460814.0,4.0,99.0,33.0,225.0,20.0,0.04545005,28.0,BNB
700,6,2021-01-12,38.015159,38.578838,636158651,5618464534.0,1057.0,926.0,83.0,189.0,62.0,1098.0,1989.0,2178686.0,10.0,233.0,47.0,702.0,10.0,0.04230722,11.0,BNB
701,6,2021-01-13,40.56675,40.086759,613272318,5549562059.0,1138.0,1057.0,60.0,116.0,80.0,1289.0,2726.0,4270214.0,52.0,600.0,157.0,1307.0,17.0,0.01862415,,BNB
702,6,2021-01-14,41.422866,41.836064,601244962,6026481488.0,1130.0,1068.0,75.0,164.0,84.0,1712.0,2943.0,828800.0,3.0,76.0,27.0,200.0,23.0,0.02738221,15.0,BNB
703,6,2021-01-15,40.216031,41.045419,622165126,6245740780.0,1099.0,965.0,78.0,207.0,96.0,2046.0,2917.0,3128665.0,35.0,252.0,79.0,1082.0,19.0,0.01773454,16.0,BNB
704,6,2021-01-16,40.609243,43.130563,661857310,6129922488.0,573.0,536.0,69.0,134.0,83.0,891.0,1992.0,987885.0,11.0,156.0,70.0,354.0,15.0,0.01726233,19.0,BNB
705,6,2021-01-17,43.010212,45.895392,762229917,6502148383.0,904.0,539.0,62.0,120.0,77.0,827.0,1710.0,1080429.0,56.0,224.0,81.0,619.0,22.0,0.02556015,25.0,BNB
706,6,2021-01-18,46.5595,45.33877,652666712,6898993294.0,1002.0,766.0,55.0,106.0,62.0,1303.0,2239.0,4992223.0,27.0,667.0,165.0,1755.0,23.0,0.03707177,18.0,BNB
707,6,2021-01-19,45.544397,42.640964,898393138,6688430628.0,1069.0,914.0,93.0,275.0,105.0,1026.0,2354.0,4274445.0,15.0,349.0,155.0,1314.0,18.0,0.02003409,5.0,BNB
708,6,2021-01-20,42.439725,42.668063,772324650,6295210624.0,785.0,719.0,71.0,164.0,89.0,733.0,1477.0,2831013.0,17.0,171.0,115.0,718.0,17.0,0.03464665,,BNB
709,6,2021-01-21,38.748539,38.835332,690309783,6258149396.0,1208.0,941.0,53.0,199.0,38.0,1470.0,11101.0,1528553.0,2.0,148.0,52.0,336.0,18.0,0.02192934,,BNB
710,6,2021-01-22,40.522574,40.874257,630888401,5628902089.0,1110.0,889.0,43.0,102.0,58.0,1075.0,6158.0,1539173.0,23.0,234.0,93.0,671.0,2.0,0.0276699,5.0,BNB
711,6,2021-01-23,40.325275,40.965148,516014163,5966114326.0,746.0,457.0,40.0,156.0,40.0,1187.0,4606.0,2259349.0,15.0,251.0,82.0,517.0,15.0,0.01948963,10.0,BNB
712,6,2021-01-24,41.629714,41.857672,496267434,6034993849.0,1659.0,482.0,47.0,111.0,63.0,1772.0,2494.0,1545147.0,3.0,137.0,47.0,496.0,16.0,0.01252234,3.0,BNB
713,6,2021-01-25,41.611014,41.873581,561978176,6277401010.0,1128.0,585.0,45.0,110.0,47.0,1216.0,1603.0,1122057.0,18.0,176.0,95.0,549.0,20.0,0.01486533,17.0,BNB
714,6,2021-01-26,42.183363,41.732356,577055920,6220985425.0,1191.0,746.0,49.0,99.0,38.0,1123.0,2492.0,3341843.0,13.0,243.0,142.0,998.0,18.0,0.01681661,13.0,BNB
715,6,2021-01-27,39.807049,41.114671,550801789,6168356119.0,974.0,890.0,39.0,87.0,35.0,1295.0,6558.0,1348269.0,41.0,548.0,226.0,1920.0,22.0,0.01331413,9.0,BNB
716,6,2021-01-28,43.719048,42.625338,602898874,6082839940.0,762.0,714.0,79.0,172.0,85.0,1894.0,5809.0,2121162.0,11.0,193.0,40.0,453.0,11.0,0.0147371,,BNB
717,6,2021-01-29,43.479297,42.824323,718856556,6303916440.0,697.0,627.0,388.0,1196.0,566.0,3091.0,3570.0,9910595.0,78.0,1218.0,641.0,1936.0,5.0,0.01578311,20.0,BNB
718,6,2021-01-30,42.805535,44.718939,603811008,6340567970.0,447.0,351.0,241.0,687.0,252.0,4272.0,3734.0,5959190.0,25.0,926.0,277.0,1716.0,2.0,0.01343236,32.0,BNB
719,6,2021-01-31,44.925181,45.183119,161442387,6357877121.0,446.0,339.0,230.0,661.0,215.0,4040.0,3357.0,6288665.0,28.0,927.0,282.0,1722.0,2.0,0.01443584,28.0,BNB
