,asset_id,time,open,close,volume,market_cap,url_shares,unique_url_shares,reddit_posts,reddit_posts_score,reddit_comments,tweets,tweet_spam,tweet_followers,tweet_quotes,tweet_retweets,tweet_replies,tweet_favorites,news,volatility,youtube
0,5,2019-02-11,124.331727,121.095736,77599084,2133299683.91,,,3.0,,,2118.0,1243.0,,,,,,18.0,0.08521356,
1,5,2019-02-12,120.854824,121.02795,71529519,2132338501.32,,,2.0,,,2213.0,1252.0,,,,,,26.0,0.10004641,
2,5,2019-02-13,120.943293,121.094683,66876283,2133736752.33,,,2.0,,,2221.0,1322.0,,,,,,24.0,0.04216539,
3,5,2019-02-14,120.567358,120.197227,72201440,2118138071.17,,,4.0,,5.0,2185.0,1209.0,,,,,,25.0,0.05982584,
4,5,2019-02-15,120.311751,120.257775,50074842,2119415510.49,,,17.0,,2.0,2258.0,1118.0,,,,,,32.0,0.01773103,
5,5,2019-02-16,120.56221,120.564155,46759242,2125023105.63,,,13.0,,12.0,1944.0,1050.0,,,,,,11.0,,
6,5,2019-02-17,121.420244,122.90069,67199092,2166436521.75,,,21.0,,4.0,2048.0,1099.0,,,,,,16.0,,
7,5,2019-02-18,126.513215,142.044588,262711203,2504159084.13,,,20.0,,16.0,3737.0,2075.0,,,,,,28.0,,
8,5,2019-02-19,142.330622,141.121135,193195167,2488131427.38,,,21.0,,11.0,3969.0,2473.0,,,,,,36.0,,
9,5,2019-02-20,142.179311,145.541652,140991086,2566330491.9,,,23.0,,9.0,3506.0,1401.0,,,,,,33.0,,
10,5,2019-02-21,144.706778,140.732313,118810741,2481780915.83,,,23.0,,10.0,2651.0,1357.0,,,,,,18.0,,
11,5,2019-02-22,141.907416,142.786849,102911739,2518269186.57,,,26.0,,10.0,2773.0,1215.0,,,,,,29.0,0.16623517,
12,5,2019-02-23,145.462359,153.496105,135514458,2707408430.12,,,6.0,,,2307.0,1162.0,,,,,,15.0,0.36427409,
13,5,2019-02-24,145.922377,127.47919,234262058,2248763187.91,,,6.0,,8.0,2210.0,1182.0,,,,,,13.0,0.77485032,
14,5,2019-02-25,129.136143,133.613056,178787986,2357211554.93,,,4.0,,5.0,2459.0,1242.0,,,,,,34.0,1.22845356,
15,5,2019-02-26,133.099547,131.760416,113256128,2324757721.83,,,8.0,,11.0,2540.0,1240.0,,,,,,45.0,1.38374395,
16,5,2019-02-27,132.14928,131.041133,100008725,2312286312.35,,,6.0,,5.0,2222.0,1096.0,,,,,,31.0,1.47875559,
17,5,2019-02-28,130.981694,130.09785,89901832,2295872535.86,,,7.0,,8.0,2055.0,859.0,,,,,,49.0,0.8277051,
18,5,2019-03-01,130.288455,131.038249,70137490,2312700608.51,,,6.0,,16.0,2212.0,968.0,,,,,,34.0,0.31785274,
19,5,2019-03-02,131.012036,130.24178,63555105,2298891146.69,,,9.0,,24.0,1931.0,794.0,,,,,,15.0,0.20898168,
20,5,2019-03-03,129.677515,129.07931,48799640,2278611243.57,,,13.0,,9.0,1918.0,889.0,,,,,,10.0,0.17510241,
21,5,2019-03-04,127.604407,122.971941,84260624,2171005058.09,,,2.0,,5.0,2147.0,862.0,,,,,,32.0,0.39024563,
22,5,2019-03-05,125.727375,131.54821,93177587,2322654660.22,,,10.0,,23.0,2374.0,907.0,,,,,,20.0,0.60877635,
23,5,2019-03-06,131.699393,130.881325,83273634,2311107344.9,,,15.0,,17.0,2166.0,828.0,,,,,,30.0,0.61736273,
24,5,2019-03-07,131.111779,130.04658,77755618,2296617726.05,,,22.0,,1.0,2176.0,916.0,,,,,,48.0,0.64217707,
25,5,2019-03-08,129.487069,126.964667,84493285,2242415033.27,,,27.0,,5.0,1889.0,937.0,,,,,,50.0,0.58462627,
26,5,2019-03-09,128.523989,132.595099,105764085,2342110105.57,,,15.0,,10.0,1970.0,885.0,,,,,,7.0,0.34498485,
27,5,2019-03-10,132.105001,130.351185,72356323,2302713970.45,,,3.0,,10.0,1785.0,806.0,,,,,,13.0,0.32879585,
28,5,2019-03-11,129.4629,128.038589,73617603,2262089761.51,,,,,16.0,1989.0,897.0,,,,,,35.0,0.33249095,
29,5,2019-03-12,128.346972,127.624409,80568547,2255000468.54,,,,,1.0,1992.0,904.0,,,,,,33.0,0.3957564,
30,5,2019-03-13,127.374226,127.479583,71260141,2252647093.34,,,,,18.0,1795.0,800.0,,,,,,38.0,0.40186409,
31,5,2019-03-14,127.643594,131.872318,166717685,2330511891.45,,,3.0,,17.0,2022.0,952.0,,,,,,36.0,0.32027837,
32,5,2019-03-15,132.405214,142.390452,194222136,2516637326.74,,,13.0,,30.0,2266.0,1032.0,,,,,,43.0,0.33783876,
33,5,2019-03-16,144.252871,154.697346,406112927,2734457359.93,,,1.0,,11.0,2784.0,1182.0,,,,,,22.0,,
34,5,2019-03-17,154.178356,153.385953,265348733,2711572215.73,,,1.0,,14.0,2364.0,1121.0,,,,,,8.0,0.74759251,
35,5,2019-03-18,153.48528,160.239605,370242906,2832998159.49,,,,,18.0,3246.0,1400.0,,,,,,42.0,1.67683379,
36,5,2019-03-19,161.252536,159.705823,218451976,2823852483.63,,,,,17.0,2993.0,1635.0,,,,,,24.0,1.04313577,
37,5,2019-03-20,160.269824,158.322566,187854489,2799691158.76,,,,,5.0,2727.0,1351.0,,,,,,32.0,0.55495036,
38,5,2019-03-21,157.750432,152.903838,242022235,2704113931.52,,,,,3.0,2410.0,936.0,,,,,,40.0,0.42444254,
39,5,2019-03-22,152.636495,156.40229,166545039,2766281438.14,,,,,3.0,2090.0,843.0,,,,,,39.0,0.43248872,
40,5,2019-03-23,156.282773,165.459255,295099300,2926783942.81,,,1.0,,21.0,1982.0,952.0,,,,,,14.0,0.57013865,
41,5,2019-03-24,165.09113,163.873888,206143169,2899037645.17,,,,,7.0,1800.0,752.0,,,,,,11.0,0.69955263,
42,5,2019-03-25,162.571545,158.740104,234855136,2808487463.26,,,,,7.0,2537.0,907.0,,,,,,38.0,0.72949768,
43,5,2019-03-26,158.969202,158.616173,230194434,2806568443.98,,,,,16.0,2237.0,927.0,,,,,,45.0,0.57223534,
44,5,2019-03-27,160.502676,170.136133,304660544,3010752403.29,,,,,4.0,2333.0,951.0,,,,,,55.0,0.53240058,
45,5,2019-03-28,169.818118,167.570952,183347407,2965664424.59,,,,,8.0,2052.0,939.0,,,,,,31.0,0.64281777,
46,5,2019-03-29,169.691138,170.213905,194172563,3012724415.96,,,,,3.0,1955.0,882.0,,,,,,42.0,0.72920983,
47,5,2019-03-30,170.207522,166.537646,164646161,2947961977.23,,,,,8.0,1595.0,845.0,,,,,,13.0,0.58121773,
48,5,2019-03-31,166.432982,168.46271,134917286,2982312201.4,,,1.0,,14.0,1542.0,829.0,,,,,,7.0,0.19751142,
49,5,2019-04-01,169.577648,167.42683,150846252,2964283653.81,,,,,6.0,2070.0,788.0,,,,,,23.0,0.1805731,
50,5,2019-04-02,180.031022,239.440168,951989734,4239749096.76,,,,,13.0,3082.0,1073.0,,,,,,38.0,0.97194126,
51,5,2019-04-03,240.115706,299.982921,3057403102,5312363799.91,,,,,53.0,4713.0,1290.0,,,,,,61.0,4.41237603,
52,5,2019-04-04,298.206919,287.028588,1663691290,5083462862.06,,,5.0,,67.0,3561.0,1150.0,,,,,,57.0,4.22136832,
53,5,2019-04-05,291.083933,293.542405,919388535,5199322147.92,,,31.0,,13.0,2489.0,1097.0,,,,,,40.0,,
54,5,2019-04-06,294.00729,306.756003,1064407726,5433964029.49,,,1.0,,18.0,2321.0,1036.0,,,,,,18.0,0.8683066,
55,5,2019-04-07,309.903118,320.466112,1119164343,5677413692.63,,,,,9.0,2549.0,1117.0,,,,,,24.0,1.16009188,
56,5,2019-04-08,322.995867,310.752112,991798860,5505913689.22,,,,,14.0,2612.0,1063.0,,,,,,40.0,1.01135565,
57,5,2019-04-09,307.318593,296.271099,561390289,5249809069.23,,,,,19.0,2570.0,1063.0,,,,,,50.0,0.28847113,
58,5,2019-04-10,299.988017,305.867457,624573642,5420376612.42,,,2.0,,12.0,2939.0,1313.0,,,,,,39.0,0.67317468,
59,5,2019-04-11,299.75951,272.924384,1039630676,4837049092.3,,,2.0,,10.0,1790.0,765.0,,,,,,46.0,0.51882657,
60,5,2019-04-12,273.52833,283.383507,741781327,5022965576.99,,,12.0,,44.0,1029.0,392.0,,,,,,39.0,0.44913863,
61,5,2019-04-13,283.015473,279.316939,499871060,4951405988.65,,,2.0,,17.0,2484.0,940.0,,,,,,22.0,1.07825725,
62,5,2019-04-14,282.183086,289.723585,382588114,5136411656.76,,,,,5.0,2295.0,919.0,,,,,,17.0,0.90135934,
63,5,2019-04-15,287.416915,315.126548,1465881022,5587343381.15,,,,,23.0,4646.0,1123.0,,,,,,80.0,0.85141747,
64,5,2019-04-16,319.8819,318.53061,896141609,5648264409.17,,,,,43.0,3634.0,1221.0,,,,,,86.0,1.18014213,
65,5,2019-04-17,318.412841,310.531803,535823880,5506978757.7,,,,,29.0,2961.0,1156.0,,,,,,55.0,1.23631239,
66,5,2019-04-18,312.566601,307.414111,463599365,5452242875.23,,,,,17.0,2483.0,1079.0,,,,,,1.0,0.84846514,
67,5,2019-04-19,307.535192,307.061241,550156195,5446525630.1,,,,,25.0,2822.0,1004.0,,,,,,28.0,0.47018392,
68,5,2019-04-20,307.998966,300.984663,353932938,5339283568.51,,,,,13.0,2079.0,906.0,,,,,,9.0,0.43068751,
69,5,2019-04-21,300.374397,290.874288,508011501,5160477097.91,,,,,6.0,2158.0,927.0,,,,,,12.0,0.47417451,
70,5,2019-04-22,293.459481,293.340264,450255911,5204743637.66,,,,,1.0,2525.0,975.0,,,,,,44.0,0.58525677,
71,5,2019-04-23,296.97301,290.090901,579378075,5147557880.29,,,,,13.0,2660.0,1054.0,,,,,,51.0,0.55217652,
72,5,2019-04-24,287.877238,279.906686,655055920,4967381497.27,,,,,10.0,2432.0,896.0,,,,,,52.0,0.628901,
73,5,2019-04-25,272.390895,265.405243,460548043,4710485239.21,,,,,55.0,2514.0,883.0,,,,,,,0.7250653,
74,5,2019-04-26,266.764627,262.136734,512985276,4652966349.01,,,2.0,,48.0,1891.0,902.0,,,,,,14.0,0.957636,
75,5,2019-04-27,261.240439,260.822972,267253802,4630103316.65,,,11.0,,18.0,1559.0,872.0,,,,,,13.0,0.99329267,
76,5,2019-04-28,261.778583,252.861277,301423680,4489226414.24,,,2.0,,35.0,1604.0,906.0,,,,,,15.0,0.67761325,
77,5,2019-04-29,251.560366,236.721359,488404775,4203112007.76,,,,,23.0,1795.0,1014.0,,,,,,40.0,0.74467798,
78,5,2019-04-30,239.293909,265.814714,694376645,4720184847.75,,,4.0,,14.0,1787.0,941.0,,,,,,49.0,0.84324044,
79,5,2019-05-01,266.400875,269.051181,595805127,4778053018.26,,,7.0,,25.0,1798.0,971.0,,,,,,45.0,0.42374012,
80,5,2019-05-02,271.507414,266.877144,513474710,4739931563.37,,,3.0,,48.0,1651.0,927.0,,,,,,35.0,1.1414691,
81,5,2019-05-03,272.344082,289.035223,782680980,5134027890.88,,,19.0,,22.0,1747.0,918.0,,,,,,50.0,1.29518075,
82,5,2019-05-04,291.378322,288.497859,1051934402,5125002185.09,,,10.0,,20.0,1690.0,892.0,,,,,,17.0,1.09094794,
83,5,2019-05-05,286.68891,291.612552,726340611,5180894308.38,,,11.0,,44.0,2009.0,899.0,,,,,,15.0,0.88040913,
84,5,2019-05-06,291.215551,287.053731,655600033,5100431691.33,,,23.0,,16.0,1805.0,847.0,,,,,,35.0,0.75042906,
85,5,2019-05-07,288.085253,282.226502,680011111,5015136717.89,,,2.0,,15.0,1769.0,958.0,,,,,,43.0,0.50057847,
86,5,2019-05-08,286.313002,285.08725,531029812,5066460135.69,,,,,14.0,1533.0,853.0,,,,,,40.0,0.44231852,
87,5,2019-05-09,289.528827,283.622743,542249712,5040947551.0,,,4.0,,16.0,1602.0,904.0,,,,,,30.0,0.40496852,
88,5,2019-05-10,287.557989,285.923131,673764441,5082319393.92,,,,,96.0,1603.0,934.0,,,,,,32.0,0.4089789,
89,5,2019-05-11,300.345575,352.322397,1631300827,6263195615.2,,,,,235.0,2027.0,1105.0,,,,,,19.0,0.16999115,
90,5,2019-05-12,348.756893,355.419241,2005605693,6318918716.41,,,,,43.0,1926.0,1132.0,,,,,,15.0,0.95075218,
91,5,2019-05-13,369.395047,384.680597,1583825869,6839822971.97,,,,,29.0,2406.0,1134.0,,,,,,47.0,0.18033594,
92,5,2019-05-14,387.211364,388.882916,1418355503,6915222955.11,,,,,71.0,2355.0,1171.0,,,,,,47.0,0.18193627,
93,5,2019-05-15,392.658625,402.358188,1257982524,7155548074.35,,,50.0,,37.0,2510.0,1177.0,,,,,,53.0,0.19114133,
94,5,2019-05-16,397.484066,401.17353,2144108357,7246361004.0,,,63.0,,32.0,2287.0,1150.0,,,,,,43.0,0.16643073,
95,5,2019-05-17,390.844664,368.760989,1605676676,7747048231.0,,,48.0,,23.0,1998.0,1047.0,,,,,,51.0,0.17483122,
96,5,2019-05-18,366.576528,359.292756,856369864,7770590420.0,,,30.0,,26.0,1812.0,1128.0,,,,,,11.0,0.18033594,
97,5,2019-05-19,373.740956,417.893538,1520564871,7712710168.0,,,31.0,,17.0,2423.0,1300.0,,,,,,27.0,0.18193627,
98,5,2019-05-20,414.156822,415.002221,1422965449,8416794300.0,,,35.0,,30.0,2094.0,1162.0,,,,,,28.0,0.19114133,
99,5,2019-05-21,414.442845,417.659945,1244156982,7448266234.0,,,31.0,,29.0,2402.0,1349.0,,,,,,30.0,0.42981782,
100,5,2019-05-22,410.882154,390.281097,999347077,6976801181.0,,,27.0,,7.0,2074.0,1212.0,,,,,,25.0,0.39417873,
101,5,2019-05-23,395.568295,405.966086,1100964694,7225670116.0,,,9.0,,43.0,1971.0,1277.0,,,,,,52.0,0.73642841,
102,5,2019-05-24,408.788727,410.111274,956995469,7281702565.0,,,5.0,,7.0,2158.0,1233.0,,,,,,47.0,0.64286562,
103,5,2019-05-25,412.202171,407.245371,540358532,8346085489.0,,,4.0,,42.0,2036.0,1098.0,,,,,,17.0,1.10089768,
104,5,2019-05-26,421.784996,434.954733,914929535,8346085489.0,,,33.0,,16.0,2079.0,1194.0,,,,,,15.0,1.10089768,
105,5,2019-05-27,435.634841,440.416233,1129470998,8346085489.0,,,43.0,,20.0,2365.0,1415.0,,,,,,49.0,1.10089768,
106,5,2019-05-28,439.508384,434.280748,662201540,8346085489.0,,,27.0,,14.0,2377.0,1305.0,,,,,,38.0,1.10089768,
107,5,2019-05-29,432.652433,458.492951,1072580994,8370235469.0,,,33.0,,6.0,2556.0,1432.0,,,,,,38.0,0.80566116,
108,5,2019-05-30,449.693697,423.626288,1315563699,7620205998.0,,,33.0,,47.0,2424.0,1399.0,,,,,,34.0,0.82588444,
109,5,2019-05-31,429.607485,444.70195,827590771,7904131935.0,,,39.0,,35.0,2299.0,1575.0,,,,,,26.0,0.9997716,
110,5,2019-06-01,445.174823,433.987497,562708362,7745615096.0,,,28.0,,23.0,1990.0,1426.0,,,,,,12.0,0.67269593,
111,5,2019-06-02,439.282558,443.544651,505803506,7945834768.0,,,45.0,,15.0,2012.0,1344.0,,,,,,15.0,0.25823383,
112,5,2019-06-03,429.775385,403.372289,873013803,7053259671.0,,,29.0,,15.0,2264.0,1443.0,,,,,,24.0,0.33483299,
113,5,2019-06-04,395.074334,385.238559,1279964704,6890586074.0,,,22.0,,23.0,2271.0,1438.0,,,,,,22.0,1.04847704,
114,5,2019-06-05,388.940689,399.94871,1627567365,7081640778.0,,,24.0,,21.0,2318.0,1354.0,,,,,,39.0,0.86775543,
115,5,2019-06-06,399.209949,398.280591,1184912559,7034996827.0,,,29.0,,39.0,2081.0,1301.0,,,,,,55.0,0.49904371,
116,5,2019-06-07,404.399237,401.604838,1079828987,7155833282.0,,,1.0,,5.0,1891.0,1140.0,,,,,,45.0,0.36636361,
117,5,2019-06-08,399.118382,395.521374,919806140,7056934771.0,,,,,3.0,1678.0,1091.0,,,,,,15.0,0.34332279,
118,5,2019-06-09,388.540005,382.785629,905545704,6795928982.0,,,2.0,,7.0,1542.0,981.0,,,,,,15.0,0.30140742,
119,5,2019-06-10,392.210084,396.496189,1094937545,7006389280.0,,,3.0,,4.0,1788.0,1144.0,,,,,,34.0,0.41299067,
120,5,2019-06-11,393.295178,389.366273,842708194,6918605658.0,,,17.0,,2.0,1806.0,1092.0,,,,,,40.0,0.35470851,
121,5,2019-06-12,395.587022,398.323554,906270091,7057279990.0,,,39.0,,13.0,1807.0,1122.0,,,,,,32.0,0.20559241,
122,5,2019-06-13,400.022123,413.401441,1304272368,7395626058.0,,,29.0,,21.0,1007.0,593.0,,,,,,30.0,0.37192924,
123,5,2019-06-14,425.96656,423.17173,1103468156,7521102899.0,,,22.0,,29.0,878.0,530.0,,,,,,31.0,0.48370786,
124,5,2019-06-15,426.996031,423.784374,961299314,7491135251.0,,,29.0,,24.0,935.0,645.0,,,,,,10.0,0.34702148,
125,5,2019-06-16,427.179454,428.770692,1225952529,7661966546.0,,,22.0,,10.0,961.0,649.0,,,,,,5.0,0.41286626,
126,5,2019-06-17,436.53798,431.789346,969609907,7679618070.0,,,32.0,,41.0,1018.0,640.0,,,,,,33.0,0.29460053,
127,5,2019-06-18,425.956227,414.800354,1056672149,7421426185.0,,,55.0,,47.0,975.0,604.0,,,,,,48.0,0.3124137,
128,5,2019-06-19,420.128356,417.052985,1002506464,7428388105.0,,,45.0,,7.0,811.0,503.0,,,,,,42.0,0.46560552,
129,5,2019-06-20,423.988177,413.243563,1071170092,7442325502.0,,,45.0,,12.0,859.0,551.0,,,,,,36.0,0.20736949,
130,5,2019-06-21,429.32386,443.549899,1494983602,7834174015.0,,,36.0,,15.0,949.0,588.0,,,,,,49.0,0.38559327,
131,5,2019-06-22,452.763702,482.363053,2824215711,8538010446.0,,,16.0,,22.0,1135.0,581.0,,,,,,34.0,0.8043896,
132,5,2019-06-23,486.059705,477.607792,1945564771,8484355381.0,,,2.0,,9.0,965.0,586.0,,,,,,29.0,1.07540654,
133,5,2019-06-24,481.403571,479.579326,1515025267,8530512958.0,,,30.0,,6.0,820.0,523.0,,,,,,47.0,0.56748637,
134,5,2019-06-25,496.281183,479.820896,1684806230,8548424311.0,,,43.0,,26.0,925.0,568.0,,,,,,41.0,0.26858323,
135,5,2019-06-26,500.701234,488.205112,2713071341,8657949986.0,,,84.0,,22.0,1151.0,594.0,,,,,,47.0,0.44156185,
136,5,2019-06-27,461.824537,418.729512,2386962798,7365351114.0,,,71.0,,17.0,1401.0,645.0,,,,,,50.0,1.08999466,
137,5,2019-06-28,443.77367,440.444929,1752918474,7763538998.0,,,54.0,,20.0,1064.0,644.0,,,,,,48.0,1.79438258,
138,5,2019-06-29,429.952104,444.841657,1383235406,7881944633.0,,,41.0,,10.0,927.0,575.0,,,,,,21.0,0.72424109,
139,5,2019-06-30,422.265074,404.941123,1328276010,7117519164.0,,,40.0,,44.0,879.0,528.0,,,,,,20.0,0.50553411,
140,5,2019-07-01,401.122624,420.58717,1499506790,7433523817.0,,,45.0,,7.0,880.0,516.0,,,,,,51.0,0.72583363,
141,5,2019-07-02,425.039487,411.279564,1572594766,7312754900.0,,,38.0,,13.0,922.0,597.0,,,,,,40.0,0.56822221,
142,5,2019-07-03,436.852648,424.010874,1293155576,7541804563.0,,,37.0,,26.0,911.0,574.0,,,,,,18.0,0.44167939,
143,5,2019-07-04,402.955969,402.193029,1075463524,7149248654.0,,,57.0,,30.0,979.0,644.0,,,,,,28.0,0.39156477,
144,5,2019-07-05,400.208947,403.36534,1030952758,7232152774.0,,,48.0,,21.0,952.0,599.0,,,,,,57.0,0.38236853,
145,5,2019-07-06,407.812064,408.589736,965228682,7228460572.0,,,40.0,,38.0,911.0,534.0,,,,,,26.0,0.37627232,
146,5,2019-07-07,414.544954,413.362532,864740140,7318702956.0,,,39.0,,26.0,724.0,440.0,,,,,,31.0,0.27293199,
147,5,2019-07-08,430.373147,419.311796,912953002,7489408298.0,,,57.0,,7.0,785.0,435.0,,,,,,20.0,0.25905613,
148,5,2019-07-09,423.870339,416.459959,1113834528,7524801550.0,,,50.0,,16.0,875.0,544.0,,,,,,17.0,0.33921518,
149,5,2019-07-10,405.833779,389.805947,1330659097,6980345199.0,,,83.0,,15.0,929.0,565.0,,,,,,35.0,0.35890526,
150,5,2019-07-11,379.559043,346.591811,1859141150,6302897846.0,,,72.0,,20.0,1060.0,469.0,,,,,,35.0,1.60276856,
151,5,2019-07-12,352.988866,355.664237,1115693288,6337189914.0,,,57.0,,20.0,793.0,450.0,,,,,,36.0,1.57269677,
152,5,2019-07-13,349.958248,345.061067,975485716,6179988806.0,,,51.0,,72.0,870.0,567.0,,,,,,20.0,0.40344804,
153,5,2019-07-14,331.856507,283.778036,1127654003,5038632538.0,,,50.0,,46.0,743.0,421.0,,,,,,21.0,0.61080425,
154,5,2019-07-15,290.550763,314.839726,1894818633,5644941712.0,,,80.0,,39.0,816.0,419.0,,,,,,51.0,1.65004708,
155,5,2019-07-16,301.780643,283.311123,1555498251,5115950623.0,,,70.0,,21.0,918.0,501.0,,,,,,59.0,1.18046225,
156,5,2019-07-17,286.626823,293.112983,1637533043,5219772628.0,,,57.0,,14.0,895.0,518.0,,,,,,46.0,1.03391019,
157,5,2019-07-18,301.221303,314.932489,1250274548,5611855459.0,,,65.0,,25.0,869.0,505.0,,,,,,27.0,0.72276234,
158,5,2019-07-19,314.291055,309.230076,935827527,5544751775.0,,,47.0,,31.0,780.0,426.0,,,,,,30.0,0.68821023,
159,5,2019-07-20,312.080493,325.660869,1066628275,5869538864.0,,,28.0,,39.0,796.0,415.0,,,,,,19.0,0.60865054,
160,5,2019-07-21,324.072741,321.727638,808591931,5764310382.0,,,54.0,,32.0,696.0,358.0,,,,,,25.0,0.82847204,
161,5,2019-07-22,317.839969,310.781934,794175510,5530809507.0,,,42.0,,25.0,735.0,436.0,,,,,,20.0,0.55592301,
162,5,2019-07-23,305.378405,298.276816,860100675,5294275382.0,,,42.0,,13.0,822.0,511.0,,,,,,27.0,0.52514194,
163,5,2019-07-24,297.34014,302.791061,953217128,5452425167.0,,,30.0,,15.0,832.0,499.0,,,,,,23.0,0.67174286,
164,5,2019-07-25,304.297191,302.747432,784536160,5332428308.0,,,45.0,,14.0,912.0,535.0,,,,,,20.0,0.56400873,
165,5,2019-07-26,301.784354,317.929948,895547133,5661675604.0,,,28.0,,13.0,827.0,428.0,,,,,,32.0,0.51614697,
166,5,2019-07-27,311.609046,305.536238,877290382,5475547919.0,,,23.0,,13.0,652.0,346.0,,,,,,21.0,0.62893284,
167,5,2019-07-28,307.028161,310.736593,712080692,5563833604.0,,,27.0,,22.0,684.0,419.0,,,,,,19.0,0.54110735,
168,5,2019-07-29,310.369883,305.560601,739573864,5515522004.0,,,40.0,,18.0,935.0,586.0,,,,,,20.0,0.28887402,
169,5,2019-07-30,306.347492,318.261452,743804252,5666768573.0,,,24.0,,17.0,896.0,506.0,,,,,,30.0,0.28898792,
170,5,2019-07-31,327.192801,329.335734,922783579,5859052475.0,,,50.0,,19.0,856.0,458.0,,,,,,43.0,0.71348923,
171,5,2019-08-01,332.6885,329.103834,782695964,,,,74.0,1699.0,24.0,,,,,,,,,,
172,5,2019-08-02,330.663401,327.603437,791377425,,,,61.0,5790.0,18.0,,,,,,,,,,
173,5,2019-08-03,332.028873,334.947077,826580068,,,,51.0,3616.0,13.0,,,,,,,,,,
174,5,2019-08-04,337.036693,335.53735,772752923,,,,50.0,961.0,8.0,,,,,,,,,,
175,5,2019-08-05,347.319294,346.72639,1037809346,,,,56.0,2748.0,15.0,,,,,,,,,,
176,5,2019-08-06,341.884748,334.982887,939729846,,,,61.0,1230.0,29.0,,,,,,,,,,
177,5,2019-08-07,341.050684,337.680677,856037030,,,,84.0,3628.0,28.0,,,,,,,,,,
178,5,2019-08-08,337.074411,332.97921,823683938,,,,59.0,1341.0,24.0,,,,,,,,,,
179,5,2019-08-09,330.293042,314.656035,903517182,,,,62.0,1519.0,9.0,,,,,,,,,,
180,5,2019-08-10,307.462188,315.473066,939041551,,,,59.0,1892.0,20.0,,,,,,,,,,
181,5,2019-08-11,320.561501,338.191022,920258676,,,,65.0,1256.0,7.0,,,,,,,,,,
182,5,2019-08-12,334.69166,329.75086,862580230,,,,45.0,1483.0,18.0,,,,,,,,,,
183,5,2019-08-13,322.020145,347.661665,1199425536,,,,36.0,606.0,17.0,,,,,,,,,,
184,5,2019-08-14,333.666785,311.22934,1547200757,,,,21.0,328.0,10.0,,,,,,,,,,
185,5,2019-08-15,314.123512,314.900013,2004674981,,,,15.0,702.0,10.0,,,,,,,,,,
186,5,2019-08-16,314.925935,309.280767,1272525790,,,,30.0,1579.0,18.0,,,,,,,,,,
187,5,2019-08-17,307.739389,306.793066,902237492,,,,30.0,493.0,44.0,,,,,,,,,,
188,5,2019-08-18,310.166352,317.355043,993361939,,,,28.0,618.0,13.0,,,,,,,,,,
189,5,2019-08-19,326.419801,325.425276,988533025,,,,41.0,870.0,24.0,,,,,,,,,,
190,5,2019-08-20,321.377905,314.932752,991995461,,,,24.0,155.0,77.0,,,,,,,,,,
191,5,2019-08-21,304.661838,304.642878,1336832959,,,,30.0,522.0,14.0,,,,,,,,,,
192,5,2019-08-22,304.274744,311.830476,1017722857,,,,47.0,1021.0,20.0,,,,,,,,3.0,,
193,5,2019-08-23,317.135549,314.258748,780411242,,,,13.0,83.0,11.0,,,,,,,,,,
194,5,2019-08-24,310.188185,305.984378,763952949,,,,5.0,67.0,21.0,,,,,,,,1.0,,
195,5,2019-08-25,304.218024,304.431733,661147795,,,,9.0,123.0,4.0,,,,,,,,2.0,,
196,5,2019-08-26,309.252685,310.290063,818105701,,,,9.0,97.0,10.0,,,,,,,,1.0,,
197,5,2019-08-27,306.51633,307.503238,704998565,,,,5.0,67.0,8.0,,,,,,,,1.0,,
198,5,2019-08-28,297.240553,292.189889,898778313,,,,37.0,154.0,25.0,1418.0,479.0,,,,,,45.0,0.79331865,
199,5,2019-08-29,287.774221,279.958816,948275104,,,,38.0,155.0,37.0,1377.0,526.0,,,,,,42.0,0.72893137,
200,5,2019-08-30,281.414704,278.622931,804692713,,4.0,4.0,20.0,78.0,7.0,1166.0,521.0,,,,,,24.0,0.19291618,
201,5,2019-08-31,278.978598,279.429176,699039450,,,,19.0,76.0,1.0,1546.0,452.0,,,,,,1.0,0.18552633,
202,5,2019-09-01,281.378708,281.115418,617813178,,,,33.0,61.0,8.0,1341.0,458.0,,,,,,31.0,0.27150477,
203,5,2019-09-02,292.40617,293.903223,803300780,,,,10.0,51.0,17.0,1587.0,532.0,,,,,,40.0,0.56993868,
204,5,2019-09-03,297.166187,299.989242,951394653,,,,50.0,152.0,49.0,1585.0,492.0,,,,,,34.0,0.401433,
205,5,2019-09-04,298.396271,294.282098,719894070,,,,36.0,105.0,58.0,1578.0,405.0,,,,,,37.0,0.29246325,
206,5,2019-09-05,294.684031,293.065173,736526916,,,,34.0,126.0,10.0,1606.0,516.0,,,,,,26.0,0.26371842,
207,5,2019-09-06,287.886825,286.675694,928845713,,2.0,2.0,48.0,80.0,27.0,1331.0,493.0,,,,,,1.0,0.35202656,
208,5,2019-09-07,291.412665,300.082663,850424928,,,,30.0,131.0,25.0,1293.0,493.0,,,,,,22.0,0.56384281,
209,5,2019-09-08,299.746251,306.734068,844868247,,,,36.0,145.0,34.0,1266.0,504.0,,,,,,31.0,0.37335897,
210,5,2019-09-09,305.047947,304.194624,927045492,,174.0,126.0,43.0,190.0,9.0,1915.0,848.0,1174668.0,9.0,105.0,62.0,417.0,36.0,0.19433186,
211,5,2019-09-10,300.656975,303.788879,755481280,5497888567.74,96.0,75.0,35.0,116.0,13.0,1555.0,639.0,1132973.0,11.0,43.0,46.0,119.0,34.0,0.22486598,
212,5,2019-09-11,304.781295,299.444069,959379046,,467.0,307.0,30.0,483.0,28.0,675.0,422.0,3725865.0,15.0,142.0,51.0,317.0,12.0,,
213,5,2019-09-12,304.620895,300.869591,653929408,5374473261.4,852.0,593.0,99.0,3137.0,240.0,1363.0,828.0,12491122.0,14.0,218.0,28.0,518.0,34.0,0.00616763,
214,5,2019-09-13,299.974111,298.711828,717299954,5370976419.15,611.0,500.0,59.0,2434.0,133.0,1029.0,857.0,5691539.0,29.0,268.0,96.0,813.0,13.0,0.00544872,
215,5,2019-09-14,301.352366,304.669608,801752516,5361423519.0,490.0,406.0,73.0,1590.0,226.0,961.0,799.0,3882256.0,3.0,190.0,49.0,621.0,9.0,0.00924707,
216,5,2019-09-15,304.110671,302.869337,735468327,5503052220.32,619.0,456.0,81.0,834.0,117.0,1333.0,791.0,8611926.0,69.0,575.0,274.0,1747.0,22.0,0.0118826,
217,5,2019-09-16,304.275951,307.874174,842540202,5449740702.06,1064.0,740.0,119.0,5299.0,234.0,1825.0,911.0,12152160.0,91.0,992.0,274.0,2115.0,25.0,0.01262013,
218,5,2019-09-17,306.172611,317.885243,1074567790,5669283699.13,697.0,536.0,98.0,4517.0,304.0,1440.0,888.0,4801851.0,122.0,741.0,250.0,2196.0,30.0,0.02088408,
219,5,2019-09-18,317.846135,323.65428,1096851413,5811137418.5,771.0,628.0,100.0,1830.0,227.0,1483.0,958.0,5531672.0,15.0,276.0,59.0,805.0,50.0,0.02047065,
220,5,2019-09-19,327.359032,322.765967,1277491281,5588283950.62,636.0,496.0,87.0,13259.0,213.0,1280.0,788.0,5715262.0,12.0,427.0,207.0,974.0,41.0,0.0179878,
221,5,2019-09-20,320.40241,314.424227,910028115,5740729307.25,585.0,480.0,75.0,760.0,141.0,2097.0,775.0,5180035.0,28.0,547.0,371.0,953.0,20.0,0.00801142,
222,5,2019-09-21,310.863156,310.503534,728149995,5605347512.17,500.0,408.0,56.0,1078.0,90.0,1721.0,769.0,3313293.0,6.0,173.0,44.0,467.0,24.0,0.00787156,
223,5,2019-09-22,311.197251,305.871068,783945357,5522570048.65,459.0,363.0,67.0,1343.0,185.0,1465.0,851.0,3448689.0,13.0,337.0,91.0,830.0,13.0,0.00912358,
224,5,2019-09-23,300.682375,291.542541,871144077,5480713697.22,675.0,514.0,70.0,645.0,163.0,1352.0,838.0,6354933.0,11.0,288.0,95.0,536.0,21.0,0.01339917,
225,5,2019-09-24,270.608625,223.129316,2090244370,5186683533.76,743.0,599.0,116.0,2057.0,218.0,1803.0,834.0,7459020.0,69.0,832.0,600.0,2494.0,41.0,0.06528598,
226,5,2019-09-25,226.836711,228.211684,1840926597,3947400064.62,658.0,512.0,79.0,1482.0,193.0,1401.0,811.0,4306126.0,11.0,347.0,160.0,1135.0,29.0,0.12344897,
227,5,2019-09-26,223.28665,214.492623,1690419406,4050118876.53,461.0,331.0,97.0,680.0,122.0,1538.0,749.0,5043626.0,30.0,411.0,270.0,1352.0,28.0,0.04406012,
228,5,2019-09-27,215.957313,220.37765,1395880951,3845263200.6,541.0,429.0,76.0,776.0,114.0,1298.0,805.0,3132157.0,19.0,405.0,341.0,746.0,25.0,0.01306533,
229,5,2019-09-28,220.675474,227.466114,1235826932,3952662040.42,643.0,491.0,70.0,846.0,121.0,1153.0,836.0,3123241.0,4.0,183.0,82.0,646.0,36.0,0.01389577,
230,5,2019-09-29,225.226465,218.195478,1056491704,3857656912.69,625.0,486.0,88.0,1021.0,148.0,1802.0,821.0,5687873.0,196.0,1106.0,551.0,3457.0,40.0,0.01672833,
231,5,2019-09-30,221.941417,227.572542,1142291074,4025021381.0,561.0,415.0,112.0,1377.0,240.0,1622.0,899.0,4418855.0,94.0,560.0,316.0,1846.0,15.0,0.02223605,
232,5,2019-10-01,227.649637,223.22743,1331545215,4074829849.12,483.0,412.0,66.0,1926.0,199.0,1140.0,865.0,2750759.0,8.0,237.0,78.0,523.0,13.0,0.01350568,
233,5,2019-10-02,223.691807,224.927714,973268874,4008313771.95,465.0,395.0,89.0,1341.0,199.0,1451.0,819.0,2451215.0,41.0,185.0,135.0,660.0,9.0,0.00486201,
234,5,2019-10-03,223.107533,221.933859,801442336,4016212327.99,408.0,348.0,99.0,5876.0,299.0,1670.0,835.0,2418120.0,143.0,639.0,510.0,1460.0,26.0,0.00737286,
235,5,2019-10-04,220.723568,221.344567,856998941,4004857308.36,583.0,445.0,64.0,692.0,150.0,1435.0,812.0,3313980.0,17.0,210.0,73.0,419.0,28.0,0.00615526,
236,5,2019-10-05,221.435165,222.846075,781248633,3963600683.35,520.0,382.0,62.0,1119.0,87.0,931.0,585.0,1332527.0,6.0,133.0,33.0,420.0,18.0,0.01842655,
237,5,2019-10-06,218.237267,220.043085,813577792,3988935749.1,635.0,423.0,76.0,1644.0,154.0,1329.0,801.0,3846870.0,14.0,167.0,47.0,386.0,29.0,0.02688035,
238,5,2019-10-07,225.444221,232.944236,1116366703,4140433154.11,620.0,478.0,85.0,895.0,157.0,1503.0,912.0,4124967.0,78.0,492.0,350.0,1068.0,45.0,0.02234944,
239,5,2019-10-08,231.973761,230.931246,994393818,4181376614.96,697.0,465.0,71.0,3481.0,197.0,1451.0,849.0,4360096.0,44.0,399.0,233.0,962.0,19.0,0.00957735,
240,5,2019-10-09,237.723758,238.498848,1072018779,4169209022.79,720.0,451.0,85.0,1001.0,160.0,1382.0,990.0,3288344.0,18.0,199.0,34.0,543.0,26.0,0.01419256,
241,5,2019-10-10,238.667501,230.054648,1026029856,4162449412.92,372.0,312.0,106.0,3840.0,141.0,716.0,794.0,2497889.0,7.0,155.0,37.0,293.0,29.0,0.01199469,
242,5,2019-10-11,225.92784,220.765297,1008573959,4042478730.14,325.0,266.0,73.0,1149.0,76.0,820.0,810.0,3385019.0,14.0,183.0,62.0,720.0,16.0,0.01410526,
243,5,2019-10-12,221.466939,223.885806,833769253,4047168598.21,303.0,258.0,68.0,1633.0,188.0,667.0,758.0,2472150.0,4.0,105.0,17.0,240.0,10.0,0.00545308,
244,5,2019-10-13,223.29932,222.972555,686232593,4118033899.27,369.0,292.0,80.0,1467.0,136.0,792.0,773.0,2928732.0,3.0,114.0,32.0,410.0,12.0,0.00501624,
245,5,2019-10-14,224.046058,227.756452,801079688,4048175181.39,404.0,306.0,49.0,671.0,111.0,1222.0,815.0,2392245.0,115.0,596.0,552.0,943.0,26.0,0.00646925,
246,5,2019-10-15,225.122829,222.215388,829587834,4082776887.96,388.0,311.0,68.0,1367.0,95.0,1061.0,784.0,2123089.0,47.0,217.0,81.0,909.0,20.0,0.00844101,
247,5,2019-10-16,219.604067,216.941899,900326386,3944059323.46,404.0,296.0,91.0,3353.0,113.0,863.0,746.0,2734224.0,9.0,292.0,149.0,755.0,17.0,0.01346897,
248,5,2019-10-17,218.075638,219.699777,831669815,3940033341.9,356.0,302.0,84.0,6880.0,209.0,842.0,705.0,2190208.0,7.0,179.0,121.0,535.0,24.0,0.00734266,
249,5,2019-10-18,217.824854,211.972129,887437615,3859442649.23,321.0,271.0,68.0,816.0,126.0,738.0,738.0,1742870.0,12.0,170.0,91.0,388.0,9.0,0.010821,
250,5,2019-10-19,211.841167,213.27446,637881582,3841759684.94,249.0,218.0,66.0,425.0,87.0,594.0,772.0,1395930.0,1.0,81.0,8.0,245.0,7.0,0.0051177,
251,5,2019-10-20,217.566533,225.153253,791617297,3874894434.89,318.0,270.0,80.0,721.0,109.0,843.0,855.0,3793398.0,17.0,207.0,83.0,937.0,11.0,0.02163212,
252,5,2019-10-21,224.888332,232.547001,1140907353,4194414944.77,222.0,177.0,40.0,567.0,58.0,533.0,432.0,2108922.0,11.0,152.0,64.0,492.0,14.0,0.02191584,
253,5,2019-10-22,229.769766,227.095355,1009304725,4165912511.37,196.0,146.0,82.0,478.0,130.0,837.0,646.0,1444730.0,0.0,16114.0,4.0,178.0,17.0,0.01516343,
254,5,2019-10-23,218.955812,210.41427,1256216892,3824195886.08,148.0,129.0,83.0,3497.0,275.0,679.0,630.0,1626553.0,4.0,8014.0,6.0,498.0,19.0,0.03689877,
255,5,2019-10-24,209.751758,212.755957,946198390,3829293402.35,300.0,258.0,60.0,595.0,157.0,662.0,643.0,1432331.0,7.0,581.0,18.0,230.0,25.0,0.01987498,
256,5,2019-10-25,228.517088,258.498011,2053303118,3976750588.78,307.0,267.0,80.0,1418.0,157.0,868.0,860.0,1778271.0,7.0,155.0,20.0,352.0,16.0,0.06510988,
257,5,2019-10-26,267.07337,252.58701,2331775375,4667967512.99,305.0,250.0,94.0,1406.0,201.0,884.0,712.0,1742879.0,32.0,267.0,57.0,694.0,15.0,0.09445501,
258,5,2019-10-27,256.424907,259.926295,1612779993,4575413105.82,352.0,281.0,75.0,7630.0,191.0,888.0,756.0,2044323.0,13.0,159.0,44.0,441.0,29.0,0.0569953,
259,5,2019-10-28,255.943541,263.557374,1780611271,4805222777.17,403.0,328.0,104.0,1001.0,131.0,1120.0,865.0,4212952.0,30.0,262.0,185.0,965.0,19.0,0.02455791,
260,5,2019-10-29,266.882475,288.76287,2662058354,5165526262.87,435.0,358.0,61.0,745.0,162.0,1389.0,897.0,3037621.0,27.0,15088.0,119.0,1257.0,22.0,0.0406128,
261,5,2019-10-30,284.754625,288.763519,2345261114,5253147179.4,336.0,281.0,28.0,1303.0,231.0,782.0,652.0,3175983.0,6.0,921.0,87.0,301.0,15.0,0.01859274,
262,5,2019-10-31,288.396979,282.373179,1939260316,5179028395.94,316.0,261.0,41.0,366.0,88.0,780.0,683.0,1672335.0,15.0,251.0,178.0,316.0,19.0,0.01469333,
263,5,2019-11-01,283.732009,278.548049,1570122310,5040588955.16,294.0,235.0,30.0,1797.0,180.0,1036.0,601.0,1666808.0,17.0,147.0,76.0,230.0,13.0,0.01272641,
264,5,2019-11-02,279.545126,289.484294,1637922082,5156461837.45,299.0,249.0,34.0,537.0,181.0,779.0,697.0,2197428.0,10.0,146.0,42.0,287.0,8.0,0.02125145,
265,5,2019-11-03,287.930474,291.531407,1494171667,5225266891.98,345.0,296.0,27.0,739.0,134.0,862.0,874.0,2142964.0,17.0,245.0,37.0,447.0,17.0,0.01602402,
266,5,2019-11-04,295.433331,290.238559,1403676536,5261381395.75,333.0,275.0,31.0,728.0,173.0,1071.0,657.0,2078705.0,18.0,218.0,62.0,491.0,12.0,0.00969719,
267,5,2019-11-05,288.805675,292.517966,1813041532,5257698940.53,415.0,339.0,49.0,758.0,150.0,1009.0,735.0,3561768.0,15.0,138.0,65.0,584.0,24.0,0.00997232,
268,5,2019-11-06,292.937928,304.646543,1717236669,5424808212.14,389.0,328.0,51.0,1065.0,173.0,1136.0,710.0,4760617.0,47.0,308.0,82.0,947.0,23.0,0.01639054,
269,5,2019-11-07,301.792495,291.66429,1583374520,5237121696.59,302.0,270.0,19.0,177.0,147.0,1002.0,635.0,2150696.0,26.0,154.0,82.0,363.0,19.0,0.01681563,
270,5,2019-11-08,284.228715,277.061945,1474429229,5174906479.38,378.0,297.0,19.0,307.0,111.0,851.0,777.0,1797793.0,27.0,154.0,53.0,484.0,20.0,0.01993977,
271,5,2019-11-09,277.484887,282.006672,1090439059,5084686874.0,269.0,232.0,24.0,1498.0,83.0,862.0,859.0,1904927.0,3.0,99.0,23.0,157.0,13.0,0.01173779,
272,5,2019-11-10,286.450265,292.922501,1466015263,5164202987.0,296.0,249.0,28.0,203.0,79.0,1205.0,809.0,1840063.0,12.0,272.0,174.0,313.0,10.0,0.0155804,
273,5,2019-11-11,287.005403,286.321682,1066518084,5171783925.0,379.0,305.0,15.0,594.0,48.0,1185.0,907.0,2823612.0,13.0,184.0,66.0,639.0,13.0,0.01376889,
274,5,2019-11-12,287.519806,288.592043,1019393010,5191029268.0,303.0,252.0,10.0,349.0,29.0,1272.0,830.0,2697686.0,16.0,305.0,91.0,533.0,20.0,0.006187,
275,5,2019-11-13,287.155482,284.14124,669622956,5160753873.0,1270.0,1246.0,24.0,275.0,34.0,1465.0,766.0,2599153.0,14.0,15980.0,244.0,544.0,25.0,0.00731845,
276,5,2019-11-14,281.461409,276.101385,1071887004,4985270316.0,1616.0,1557.0,24.0,384.0,32.0,981.0,781.0,2875648.0,7.0,134.0,49.0,342.0,21.0,0.0154707,
277,5,2019-11-15,273.463113,262.980452,978879502,4971210244.0,1593.0,1536.0,43.0,722.0,68.0,1240.0,793.0,6128214.0,19.0,224.0,46.0,495.0,23.0,0.0168779,
278,5,2019-11-16,263.533911,264.959362,739245681,4783744626.0,1555.0,1519.0,23.0,622.0,33.0,1121.0,840.0,4284261.0,11.0,225.0,63.0,366.0,5.0,0.01036663,
279,5,2019-11-17,265.015128,264.524027,741400304,4869487627.0,798.0,776.0,9.0,16.0,20.0,530.0,402.0,797788.0,1.0,52.0,10.0,117.0,2.0,0.00485485,
280,5,2019-11-18,258.933716,246.485244,1024177084,4756519740.0,238.0,215.0,24.0,544.0,73.0,463.0,393.0,866845.0,9.0,53.0,11.0,115.0,5.0,0.02275421,
281,5,2019-11-19,245.096027,241.65202,1111790175,4266971262.0,400.0,345.0,24.0,922.0,100.0,1290.0,796.0,4629692.0,26.0,263.0,37.0,669.0,7.0,0.03110697,
282,5,2019-11-20,240.728593,243.661336,925655198,4338131202.0,452.0,396.0,35.0,720.0,97.0,1694.0,880.0,4245657.0,23.0,297.0,146.0,858.0,18.0,0.0109557,
283,5,2019-11-21,235.280416,227.097716,1104700184,4269577297.0,387.0,316.0,17.0,277.0,38.0,1531.0,841.0,4436873.0,18.0,295.0,172.0,658.0,7.0,0.03081208,
284,5,2019-11-22,221.622331,209.018563,1548386034,3787228438.0,410.0,358.0,10.0,217.0,49.0,1207.0,919.0,4248175.0,47.0,140.0,20.0,262.0,10.0,0.04895427,
285,5,2019-11-23,209.489742,216.014862,1200871784,3747922758.0,351.0,309.0,14.0,217.0,36.0,1160.0,802.0,2282377.0,5.0,149.0,13.0,292.0,8.0,0.02491187,
286,5,2019-11-24,207.113271,203.00979,919935532,3801792245.0,479.0,411.0,8.0,200.0,40.0,1211.0,698.0,2857587.0,15.0,270.0,166.0,640.0,5.0,0.02113401,
287,5,2019-11-25,206.02484,207.776649,1026645365,3768288690.0,444.0,396.0,23.0,463.0,65.0,1145.0,681.0,3322946.0,10.0,176.0,28.0,332.0,15.0,0.02680626,
288,5,2019-11-26,208.680397,211.479789,896104670,3813573457.0,482.0,405.0,34.0,334.0,32.0,1382.0,844.0,4492054.0,31.0,531.0,365.0,1148.0,5.0,0.01671788,
289,5,2019-11-27,216.107091,219.390247,922774573,3863875553.0,584.0,387.0,38.0,942.0,87.0,2158.0,806.0,10119991.0,48.0,585.0,466.0,1662.0,11.0,0.01834607,
290,5,2019-11-28,218.189379,217.567638,710378187,3950469037.0,511.0,431.0,29.0,496.0,57.0,2409.0,815.0,3115060.0,48.0,642.0,496.0,907.0,10.0,0.0159488,
291,5,2019-11-29,222.542574,224.316236,672931895,4079541820.0,581.0,488.0,20.0,315.0,56.0,1817.0,758.0,4266501.0,62.0,501.0,267.0,1281.0,11.0,0.01170203,
292,5,2019-11-30,221.190484,218.141301,629475774,4027223308.0,440.0,376.0,17.0,234.0,41.0,1138.0,731.0,2028610.0,7.0,162.0,21.0,260.0,3.0,0.01550278,
293,5,2019-12-01,215.512061,214.442381,641850987,3884369782.0,313.0,270.0,15.0,209.0,38.0,1335.0,709.0,1604668.0,20.0,435.0,380.0,555.0,7.0,0.01493877,
294,5,2019-12-02,212.582682,213.490683,557334268,3870135565.0,571.0,340.0,19.0,364.0,46.0,1542.0,855.0,2881200.0,12.0,375.0,146.0,680.0,10.0,0.00589588,
295,5,2019-12-03,213.600106,211.528573,495220314,3853138871.0,696.0,519.0,34.0,677.0,53.0,1306.0,827.0,4824072.0,28.0,393.0,167.0,930.0,6.0,0.00899124,
296,5,2019-12-04,210.078996,207.720525,678856648,3756948151.0,393.0,353.0,4.0,66.0,5.0,1658.0,858.0,2795982.0,129.0,486.0,384.0,717.0,13.0,0.01644312,
297,5,2019-12-05,210.620419,211.239567,650756179,3877134540.0,313.0,284.0,7.0,121.0,5.0,1737.0,729.0,2481052.0,7.0,250.0,134.0,487.0,12.0,0.01237138,
298,5,2019-12-06,214.626982,212.986211,532618874,3817858267.0,362.0,302.0,7.0,81.0,3.0,1094.0,690.0,5054284.0,6.0,114.0,30.0,279.0,5.0,0.00599657,
299,5,2019-12-07,212.233753,211.278809,830484735,3881975326.0,269.0,210.0,5.0,36.0,6.0,708.0,376.0,1110220.0,10.0,187.0,59.0,399.0,5.0,0.0057415,
300,5,2019-12-08,211.606321,212.768661,710277497,3850778766.0,501.0,353.0,15.0,224.0,19.0,1415.0,711.0,2995658.0,31.0,313.0,186.0,831.0,8.0,0.00653494,
301,5,2019-12-09,209.126676,208.203194,705711356,3869011812.0,426.0,352.0,18.0,240.0,33.0,1141.0,1009.0,4020553.0,14.0,287.0,299.0,726.0,35.0,0.0094599,
302,5,2019-12-10,205.828728,206.549229,880056929,3781017647.0,320.0,272.0,14.0,276.0,30.0,1116.0,683.0,6272553.0,11.0,262.0,131.0,668.0,12.0,0.00993732,
303,5,2019-12-11,205.869533,206.544169,717677994,3769856614.0,288.0,263.0,16.0,141.0,27.0,1122.0,654.0,3291553.0,4.0,239.0,105.0,365.0,14.0,0.00468601,
304,5,2019-12-12,206.627982,206.314732,729221134,3758601560.0,545.0,342.0,9.0,250.0,17.0,1231.0,807.0,3232767.0,7.0,167.0,60.0,400.0,15.0,0.00480919,
305,5,2019-12-13,207.771547,211.322074,921702767,3787770015.0,439.0,286.0,13.0,144.0,25.0,962.0,694.0,3270059.0,5.0,118.0,52.0,257.0,11.0,0.00955696,
306,5,2019-12-14,207.213087,205.61927,939473455,3778745870.0,455.0,254.0,14.0,217.0,24.0,1045.0,823.0,2895898.0,8.0,287.0,223.0,523.0,8.0,0.01087841,
307,5,2019-12-15,206.71375,206.496204,854764277,3748737883.0,453.0,307.0,15.0,176.0,69.0,1762.0,650.0,6331076.0,33.0,462.0,263.0,868.0,11.0,0.00773054,
308,5,2019-12-16,202.823492,196.190877,929169036,3742107738.0,493.0,334.0,11.0,116.0,18.0,1628.0,643.0,5432895.0,11.0,300.0,76.0,647.0,11.0,0.01640179,
309,5,2019-12-17,192.016542,176.692613,1157049727,3521694333.0,606.0,373.0,10.0,604.0,34.0,2362.0,723.0,10658003.0,89.0,616.0,248.0,1947.0,15.0,0.04130006,
310,5,2019-12-18,186.459524,189.414983,1492771102,3144461856.0,503.0,382.0,15.0,358.0,32.0,1421.0,729.0,5039336.0,11.0,238.0,101.0,527.0,7.0,0.03529352,
311,5,2019-12-19,187.042873,186.100217,1307837144,3395194050.0,542.0,374.0,17.0,302.0,33.0,1378.0,717.0,3053326.0,8.0,215.0,101.0,511.0,8.0,0.02065178,
312,5,2019-12-20,186.997543,187.934908,879564692,3433313013.0,568.0,360.0,20.0,809.0,99.0,1970.0,809.0,4416588.0,57.0,663.0,334.0,1300.0,8.0,0.00771465,
313,5,2019-12-21,186.967072,186.805642,580085698,3413658766.0,335.0,283.0,5.0,73.0,7.0,1594.0,899.0,3204877.0,32.0,570.0,138.0,692.0,14.0,0.00510528,
314,5,2019-12-22,193.353515,196.735111,660822302,3419792485.0,355.0,285.0,14.0,129.0,100.0,1761.0,935.0,4448221.0,17.0,519.0,165.0,726.0,10.0,0.01416272,
315,5,2019-12-23,193.532453,190.195617,941451243,3565909978.0,411.0,315.0,17.0,287.0,54.0,1718.0,706.0,4675794.0,19.0,275.0,97.0,693.0,7.0,0.01769245,
316,5,2019-12-24,188.921734,188.689746,768334108,3461014048.0,395.0,260.0,3.0,22.0,20.0,1093.0,717.0,2644922.0,8.0,174.0,41.0,296.0,5.0,0.0134072,
317,5,2019-12-25,187.686134,185.514087,760056692,3399653834.0,277.0,227.0,4.0,403.0,11.0,1019.0,697.0,2474875.0,19.0,281.0,41.0,371.0,13.0,0.00925028,
318,5,2019-12-26,185.56641,187.505926,807218536,3378905711.0,301.0,269.0,17.0,551.0,37.0,851.0,695.0,2395526.0,3.0,110.0,37.0,287.0,8.0,0.01100603,
319,5,2019-12-27,188.243996,202.594918,1343988071,3464054353.0,169.0,148.0,3.0,20.0,10.0,611.0,400.0,2002937.0,18.0,121.0,43.0,300.0,6.0,0.02043393,
320,5,2019-12-28,203.759287,205.750237,1429447758,3752082624.0,431.0,263.0,9.0,255.0,22.0,1386.0,760.0,3356598.0,37.0,262.0,118.0,782.0,5.0,0.0270252,
321,5,2019-12-29,207.067023,211.852599,1228708677,3854203353.0,329.0,280.0,9.0,122.0,30.0,1325.0,688.0,2741081.0,31.0,243.0,111.0,955.0,6.0,0.01381457,
322,5,2019-12-30,208.710831,207.581051,1345346773,3824204622.0,304.0,253.0,10.0,284.0,58.0,1184.0,754.0,3936610.0,37.0,224.0,56.0,482.0,6.0,0.01240648,
323,5,2019-12-31,206.775874,204.158259,1461966677,3779904457.0,278.0,245.0,13.0,144.0,37.0,1082.0,642.0,2672690.0,9.0,134.0,29.0,307.0,4.0,0.01056494,
324,5,2020-01-01,204.368749,204.031713,1547014787,3766093517.0,309.0,252.0,12.0,302.0,29.0,1044.0,633.0,2011249.0,6.0,185.0,29.0,362.0,5.0,0.00893873,
325,5,2020-01-02,199.794137,195.561476,956808813,3695483491.0,332.0,289.0,29.0,527.0,69.0,1271.0,647.0,4009373.0,14.0,244.0,67.0,775.0,6.0,0.0170618,
326,5,2020-01-03,201.01902,221.539702,2143039157,3877090124.0,406.0,310.0,20.0,481.0,52.0,1349.0,726.0,3851158.0,18.0,327.0,182.0,705.0,6.0,0.04392965,
327,5,2020-01-04,221.50402,223.614678,2229870663,4011315473.0,401.0,295.0,17.0,317.0,54.0,1373.0,684.0,3536629.0,5.0,212.0,98.0,763.0,6.0,0.0236078,
328,5,2020-01-05,223.718804,222.076497,1683440469,4085132057.0,381.0,313.0,19.0,346.0,44.0,1251.0,697.0,3407666.0,17.0,185.0,63.0,522.0,12.0,0.012144,
329,5,2020-01-06,228.491067,243.326787,2537739552,4303404405.0,409.0,306.0,10.0,213.0,48.0,1251.0,840.0,4060876.0,57.0,267.0,78.0,701.0,10.0,0.02745768,
330,5,2020-01-07,249.632601,242.2232,2286950534,4321913777.0,410.0,320.0,19.0,496.0,44.0,1395.0,735.0,4412041.0,16.0,310.0,166.0,817.0,5.0,0.01602519,
331,5,2020-01-08,240.402284,238.701155,1204969328,4385075935.0,390.0,278.0,8.0,307.0,17.0,1165.0,609.0,2582749.0,8.0,238.0,88.0,319.0,2.0,0.0160297,
332,5,2020-01-09,234.909847,236.968559,886996987,4276361020.0,388.0,323.0,12.0,213.0,33.0,1157.0,707.0,2427914.0,8.0,162.0,27.0,320.0,14.0,0.01314938,
333,5,2020-01-10,243.298636,269.649725,1311325984,4548522593.0,334.0,294.0,18.0,183.0,19.0,1477.0,729.0,3617326.0,10.0,275.0,89.0,612.0,5.0,0.04208263,
334,5,2020-01-11,266.016475,258.727033,1411243329,4756876637.0,340.0,263.0,18.0,379.0,66.0,1410.0,639.0,2272985.0,16.0,328.0,58.0,691.0,15.0,0.03591127,
335,5,2020-01-12,262.293076,268.232878,1035027601,4800200037.0,331.0,272.0,18.0,319.0,40.0,1262.0,648.0,3472351.0,11.0,192.0,37.0,432.0,11.0,0.01005513,
336,5,2020-01-13,267.390242,265.70548,815160829,4783034262.0,349.0,309.0,27.0,367.0,49.0,1372.0,696.0,3953458.0,14.0,277.0,108.0,1040.0,12.0,0.01390823,
337,5,2020-01-14,277.117476,345.316711,3620019241,5177755308.0,442.0,371.0,30.0,385.0,104.0,2985.0,928.0,13563650.0,73.0,643.0,342.0,2554.0,18.0,0.0813892,
338,5,2020-01-15,344.385194,334.847736,3625951185,6110369439.0,411.0,327.0,12.0,317.0,31.0,1716.0,676.0,4923200.0,13.0,327.0,83.0,1138.0,11.0,0.05523624,
339,5,2020-01-16,334.007675,324.375951,2031100005,5894693096.0,143.0,127.0,12.0,212.0,21.0,693.0,308.0,2202088.0,6.0,129.0,45.0,643.0,8.0,0.02750459,
340,5,2020-01-17,327.431584,363.697568,2874266395,6156907704.0,564.0,337.0,14.0,379.0,71.0,1856.0,915.0,5694365.0,39.0,415.0,150.0,973.0,14.0,0.04775949,
341,5,2020-01-18,364.791015,337.533945,3711644151,6681940779.0,623.0,321.0,15.0,351.0,19.0,2041.0,762.0,3654336.0,20.0,425.0,208.0,862.0,5.0,0.04341793,
342,5,2020-01-19,331.610995,338.019626,2741152522,5981370511.0,480.0,321.0,15.0,383.0,30.0,1547.0,584.0,3865552.0,13.0,203.0,37.0,456.0,7.0,0.03471855,
343,5,2020-01-20,336.74182,341.679068,1735370188,5949780926.0,581.0,383.0,23.0,549.0,227.0,2018.0,618.0,5827385.0,11.0,280.0,155.0,926.0,13.0,0.0227458,
344,5,2020-01-21,344.40591,341.849686,1292360063,6233220146.0,465.0,357.0,15.0,557.0,44.0,2023.0,857.0,4280149.0,13.0,301.0,64.0,598.0,4.0,0.01364285,
345,5,2020-01-22,339.563277,346.809722,1113973589,6268692080.0,448.0,331.0,22.0,581.0,259.0,2382.0,852.0,9392744.0,89.0,676.0,326.0,2056.0,11.0,0.00914409,
346,5,2020-01-23,339.505157,324.09836,1254120922,6107384276.0,539.0,391.0,38.0,605.0,172.0,2059.0,842.0,6379941.0,15.0,325.0,63.0,678.0,16.0,0.02483877,
347,5,2020-01-24,325.045242,318.262674,1729502132,5876705791.0,838.0,631.0,18.0,348.0,180.0,2123.0,673.0,6528351.0,13.0,324.0,107.0,534.0,22.0,0.02882502,
348,5,2020-01-25,315.430609,309.960297,1106373507,5618473140.0,1020.0,528.0,13.0,202.0,53.0,2893.0,662.0,5996295.0,51.0,498.0,199.0,1761.0,12.0,0.01751461,
349,5,2020-01-26,317.021564,346.773384,1364813222,5918236084.0,996.0,686.0,68.0,561.0,143.0,4078.0,841.0,8680757.0,30.0,465.0,127.0,1165.0,14.0,0.04061708,
350,5,2020-01-27,354.502563,360.401552,2248181025,6739960526.0,1339.0,815.0,30.0,389.0,62.0,2869.0,996.0,10753163.0,34.0,486.0,107.0,1056.0,30.0,0.04432213,
351,5,2020-01-28,373.931572,376.566642,2102530704,6673600534.0,1069.0,718.0,23.0,169.0,46.0,3407.0,885.0,17782177.0,244.0,674.0,199.0,1348.0,24.0,0.01691075,
352,5,2020-01-29,373.472328,377.861334,2141326895,6957058708.0,991.0,603.0,20.0,267.0,42.0,2712.0,696.0,9710757.0,45.0,392.0,183.0,1570.0,20.0,0.02235109,
353,5,2020-01-30,384.782479,389.60011,1937222554,7010346079.0,804.0,641.0,5.0,44.0,10.0,2821.0,716.0,9329635.0,46.0,512.0,116.0,1196.0,18.0,0.01264167,
354,5,2020-01-31,384.262764,372.717329,1899967299,6719222300.0,996.0,701.0,6.0,41.0,10.0,2501.0,972.0,5753438.0,102.0,422.0,89.0,856.0,17.0,0.01926869,
355,5,2020-02-01,374.520644,377.846798,1592622713,6818534494.0,933.0,726.0,5.0,43.0,13.0,3754.0,784.0,16803931.0,93.0,965.0,363.0,3574.0,16.0,0.01289411,
356,5,2020-02-02,378.311457,376.18361,1506579842,7036894637.0,655.0,539.0,8.0,101.0,16.0,2648.0,804.0,6850044.0,21.0,345.0,96.0,741.0,13.0,0.00981318,
357,5,2020-02-03,374.805083,382.683322,1631186090,6961156357.0,653.0,504.0,5.0,44.0,23.0,2096.0,775.0,5799920.0,18.0,370.0,152.0,1073.0,13.0,0.00693944,
358,5,2020-02-04,379.505689,378.933183,1522046472,6851179095.0,567.0,442.0,8.0,62.0,8.0,2271.0,805.0,8161657.0,20.0,322.0,84.0,710.0,19.0,0.00760241,
359,5,2020-02-05,392.116839,442.634457,3539272929,7755470794.0,643.0,502.0,8.0,113.0,2.0,1830.0,460.0,7890046.0,15.0,454.0,286.0,1006.0,13.0,0.04782086,
360,5,2020-02-06,448.893668,443.890819,3388841401,8050509547.0,537.0,462.0,20.0,250.0,32.0,2402.0,725.0,6963505.0,30.0,485.0,216.0,1551.0,19.0,0.03127227,
361,5,2020-02-07,444.667577,439.141179,3305878928,7938445774.0,523.0,435.0,15.0,265.0,43.0,1843.0,566.0,4177656.0,17.0,403.0,90.0,737.0,18.0,0.00845031,
362,5,2020-02-08,440.323734,443.499135,2633289334,8162167927.0,697.0,500.0,21.0,318.0,17.0,2115.0,660.0,5478001.0,70.0,438.0,171.0,1174.0,17.0,0.01311676,
363,5,2020-02-09,452.13893,448.059998,2694008014,8196259232.0,751.0,585.0,23.0,435.0,28.0,2681.0,747.0,5958797.0,32.0,673.0,372.0,1000.0,46.0,0.01088989,
364,5,2020-02-10,438.874301,452.073667,3090855509,8035411097.0,772.0,535.0,23.0,857.0,69.0,2448.0,732.0,5255797.0,27.0,466.0,128.0,954.0,59.0,0.01069176,2.0
365,5,2020-02-11,465.604199,462.97092,2496090010,8268797254.0,798.0,569.0,14.0,304.0,35.0,2772.0,1204.0,6514191.0,51.0,565.0,246.0,1532.0,75.0,0.01784386,1.0
366,5,2020-02-12,468.802951,472.92333,3220077480,8605584774.0,580.0,461.0,32.0,640.0,80.0,2997.0,1069.0,7699145.0,35.0,460.0,137.0,1386.0,9.0,0.01842699,
367,5,2020-02-13,470.258807,476.061067,3535983523,8576438738.0,494.0,411.0,22.0,408.0,57.0,3466.0,731.0,5881926.0,57.0,1049.0,453.0,1690.0,13.0,0.00826277,
368,5,2020-02-14,481.478553,493.16131,3557245503,8908824926.0,1413.0,574.0,12.0,358.0,30.0,3734.0,858.0,7415069.0,44.0,862.0,389.0,1636.0,22.0,0.01870844,
369,5,2020-02-15,479.284805,441.188789,3928606199,8906941288.0,571.0,429.0,28.0,941.0,96.0,2359.0,797.0,5660757.0,32.0,436.0,126.0,892.0,5.0,0.03601094,
370,5,2020-02-16,441.091712,414.363003,4766141602,8142878943.0,699.0,482.0,16.0,681.0,202.0,2266.0,750.0,7088149.0,44.0,409.0,219.0,1222.0,8.0,0.05735188,
371,5,2020-02-17,408.653659,413.007322,6234067244,7087102540.0,680.0,546.0,46.0,407.0,63.0,3338.0,761.0,7283072.0,41.0,737.0,455.0,1291.0,18.0,0.04403017,
372,5,2020-02-18,427.759261,420.736079,4895620931,7265776158.0,648.0,543.0,25.0,284.0,53.0,3762.0,1029.0,8114930.0,61.0,1326.0,553.0,1979.0,31.0,0.02465302,
373,5,2020-02-19,404.232712,380.954595,3392879472,7568684441.0,777.0,550.0,29.0,1094.0,139.0,2273.0,744.0,5449049.0,20.0,448.0,66.0,793.0,22.0,0.02707734,
374,5,2020-02-20,380.843449,373.39181,4008063148,6790159992.0,1532.0,529.0,20.0,523.0,76.0,2952.0,736.0,5945086.0,21.0,495.0,119.0,870.0,18.0,0.04159048,1.0
375,5,2020-02-21,374.825831,378.254613,3207541676,6958294856.0,1049.0,621.0,27.0,516.0,89.0,3467.0,788.0,8148655.0,124.0,1239.0,556.0,2305.0,33.0,0.01376213,
376,5,2020-02-22,376.880698,374.057164,2478784134,6913428029.0,903.0,604.0,10.0,193.0,28.0,3584.0,724.0,7390920.0,36.0,472.0,246.0,1147.0,15.0,0.01104646,
377,5,2020-02-23,382.568264,402.131495,3088691041,7208120446.0,924.0,634.0,12.0,159.0,19.0,2580.0,801.0,5686018.0,17.0,396.0,90.0,560.0,25.0,0.02377541,
378,5,2020-02-24,392.748461,378.003638,3634987240,7182923280.0,796.0,506.0,81.0,330.0,70.0,1932.0,906.0,4890919.0,163.0,419.0,99.0,831.0,13.0,0.02317758,
379,5,2020-02-25,367.363801,352.73973,3433480238,6834758895.0,349.0,274.0,14.0,137.0,14.0,862.0,352.0,2220204.0,6.0,145.0,33.0,269.0,10.0,0.03245571,
380,5,2020-02-26,338.287442,317.001092,4671341502,6068176700.0,816.0,544.0,34.0,264.0,51.0,2359.0,764.0,5559257.0,20.0,459.0,97.0,972.0,16.0,0.05040538,1.0
381,5,2020-02-27,317.446565,323.773398,3727722157,5940944067.0,683.0,503.0,21.0,365.0,45.0,1871.0,773.0,4849292.0,19.0,391.0,99.0,682.0,15.0,0.02036961,2.0
382,5,2020-02-28,321.263982,315.201817,3476670535,5581505615.0,699.0,488.0,21.0,599.0,76.0,3356.0,1318.0,6119013.0,23.0,290.0,58.0,429.0,22.0,0.02450799,
383,5,2020-02-29,310.817958,307.075611,2603440260,5739823060.0,599.0,439.0,17.0,345.0,36.0,2324.0,796.0,5426337.0,29.0,858.0,95.0,1026.0,10.0,0.01560042,
384,5,2020-03-01,307.19094,312.270509,2674158381,5768313796.0,648.0,502.0,18.0,351.0,63.0,2302.0,872.0,5548791.0,16.0,739.0,136.0,774.0,6.0,0.01288269,1.0
385,5,2020-03-02,321.190604,338.741599,19649838890,5895970663.0,634.0,514.0,19.0,345.0,30.0,1903.0,1196.0,5636501.0,9.0,407.0,67.0,786.0,6.0,0.02726833,2.0
386,5,2020-03-03,334.184681,328.891597,29107530703,6059296792.0,575.0,437.0,19.0,393.0,24.0,1776.0,742.0,4718571.0,103.0,375.0,88.0,568.0,,0.01811022,1.0
387,5,2020-03-04,329.980475,319.904498,9497116389,5920933294.0,490.0,379.0,15.0,233.0,25.0,1711.0,829.0,6334562.0,92.0,429.0,108.0,707.0,3.0,0.01552741,1.0
388,5,2020-03-05,325.310317,337.206544,3519000122,6211450839.0,575.0,404.0,17.0,361.0,71.0,1912.0,719.0,4674253.0,121.0,313.0,97.0,561.0,1.0,0.02500594,1.0
389,5,2020-03-06,339.973115,349.649783,3657349089,6330969487.0,661.0,431.0,12.0,95.0,18.0,2537.0,674.0,6879043.0,166.0,351.0,141.0,786.0,2.0,0.01752175,
390,5,2020-03-07,343.788885,333.696154,2588803072,6329045796.0,575.0,329.0,14.0,321.0,56.0,1418.0,678.0,3815509.0,23.0,396.0,135.0,705.0,3.0,0.02050025,2.0
391,5,2020-03-08,311.24253,274.816772,3449065746,5807058976.0,637.0,340.0,9.0,191.0,39.0,1957.0,664.0,5793777.0,28.0,330.0,102.0,609.0,2.0,0.06377354,1.0
392,5,2020-03-09,273.486756,273.364696,4342601550,5064547619.0,779.0,351.0,11.0,137.0,21.0,2963.0,619.0,5677465.0,35.0,766.0,539.0,952.0,2.0,0.05727372,
393,5,2020-03-10,273.508775,272.870948,3106374942,5102518736.0,436.0,294.0,11.0,234.0,24.0,1398.0,626.0,2274547.0,12.0,355.0,173.0,495.0,2.0,0.01593796,
394,5,2020-03-11,272.392091,267.70189,2797511710,4865019993.0,848.0,420.0,19.0,188.0,17.0,2583.0,808.0,6288146.0,61.0,971.0,454.0,1421.0,1.0,0.02409008,
395,5,2020-03-12,210.842659,148.075785,4231464952,3294642799.0,457.0,371.0,14.0,349.0,28.0,1896.0,803.0,7973536.0,20.0,471.0,213.0,897.0,4.0,0.16933009,
396,5,2020-03-13,171.760435,182.011881,7209073040,3270101364.0,495.0,397.0,8.0,232.0,77.0,1341.0,597.0,4000290.0,38.0,222.0,44.0,294.0,1.0,0.11608046,
397,5,2020-03-14,167.968728,168.320905,3513455962,3170822575.0,446.0,340.0,18.0,451.0,24.0,2068.0,813.0,3297962.0,24.0,704.0,290.0,761.0,,0.03300775,
398,5,2020-03-15,172.5738,178.951886,3301156391,3192905420.0,523.0,416.0,20.0,219.0,33.0,2351.0,853.0,4786496.0,18.0,464.0,86.0,473.0,1.0,0.02438913,
399,5,2020-03-16,170.573667,171.371303,3929615208,3002065060.0,207.0,175.0,5.0,76.0,7.0,1037.0,531.0,1733878.0,123.0,191.0,41.0,489.0,,0.04175339,
400,5,2020-03-17,178.493021,184.022483,2912802205,3323807377.0,475.0,365.0,12.0,219.0,30.0,1823.0,611.0,4977381.0,99.0,283.0,102.0,652.0,3.0,0.04383037,
401,5,2020-03-18,185.229992,185.504911,2714942595,3198651335.0,369.0,317.0,17.0,202.0,54.0,1832.0,682.0,5364030.0,8.0,205.0,97.0,350.0,1.0,0.01825335,
402,5,2020-03-19,201.861795,221.84416,4565628214,3572054885.0,658.0,572.0,25.0,333.0,30.0,2591.0,731.0,6854451.0,35.0,407.0,108.0,861.0,,0.0757934,
403,5,2020-03-20,220.557042,215.310104,4814343255,4225751842.0,719.0,431.0,13.0,143.0,27.0,1802.0,921.0,6043101.0,11.0,195.0,73.0,585.0,,0.07050468,
404,5,2020-03-21,215.39059,220.106554,3677291114,3967038432.0,497.0,375.0,15.0,250.0,59.0,1473.0,1312.0,2907851.0,17.0,269.0,48.0,399.0,1.0,0.03455088,
405,5,2020-03-22,212.192488,203.186141,3404785884,3916044044.0,442.0,370.0,10.0,208.0,116.0,2125.0,814.0,3798745.0,280.0,235.0,30.0,383.0,,0.03159932,
406,5,2020-03-23,217.759874,221.731346,3839785601,3973361594.0,400.0,353.0,14.0,197.0,27.0,1917.0,677.0,6464184.0,21.0,209.0,69.0,426.0,1.0,0.03507925,
407,5,2020-03-24,227.778914,227.479789,3915177971,4147778465.0,570.0,355.0,13.0,174.0,26.0,2393.0,728.0,4925955.0,18.0,520.0,58.0,569.0,3.0,0.02718568,
408,5,2020-03-25,225.550757,220.800283,3610225925,4019210631.0,406.0,328.0,20.0,370.0,30.0,1702.0,583.0,2742791.0,24.0,99.0,57.0,209.0,1.0,0.0140927,
409,5,2020-03-26,222.066981,227.214413,3479753252,4091707029.0,419.0,342.0,4.0,40.0,9.0,2597.0,627.0,3970469.0,149.0,1149.0,853.0,1441.0,1.0,0.01389012,2.0
410,5,2020-03-27,216.878785,213.586038,3400692547,4137681294.0,303.0,243.0,12.0,255.0,30.0,1709.0,692.0,1937068.0,12.0,150.0,84.0,241.0,,0.0211057,
411,5,2020-03-28,210.584841,214.119259,3640009847,3864296500.0,721.0,350.0,5.0,218.0,21.0,2147.0,625.0,1741641.0,10.0,160.0,63.0,448.0,,0.03382747,4.0
412,5,2020-03-29,203.204736,204.024861,2949043846,3897490331.0,376.0,297.0,5.0,98.0,9.0,2047.0,724.0,2605069.0,2.0,102.0,55.0,322.0,,0.01430784,4.0
413,5,2020-03-30,219.08925,220.910531,2840526561,3976260429.0,404.0,307.0,19.0,298.0,24.0,1725.0,666.0,2884706.0,12.0,228.0,87.0,704.0,,0.02302222,
414,5,2020-03-31,218.986692,218.995914,3282626146,4117142301.0,376.0,294.0,16.0,169.0,16.0,1133.0,670.0,2757081.0,20.0,149.0,81.0,487.0,,0.01418698,
415,5,2020-04-01,226.382532,224.888688,3825475704,3993307031.0,383.0,291.0,16.0,290.0,31.0,1444.0,616.0,2041742.0,11.0,242.0,68.0,482.0,3.0,0.01223039,3.0
416,5,2020-04-02,229.831492,232.737376,4945394665,4190992332.0,1082.0,577.0,13.0,192.0,41.0,2515.0,686.0,2807804.0,9.0,215.0,47.0,565.0,2.0,0.02942051,1.0
417,5,2020-04-03,230.84788,236.236991,4650252394,4370561302.0,2482.0,1158.0,14.0,249.0,27.0,4469.0,674.0,3900719.0,20.0,478.0,187.0,1107.0,6.0,0.01767784,
418,5,2020-04-04,240.107533,238.284711,3768518640,4322280750.0,1880.0,947.0,9.0,101.0,20.0,3853.0,722.0,1606207.0,4.0,336.0,67.0,356.0,2.0,0.00761744,2.0
419,5,2020-04-05,235.516916,231.749548,3648948385,4331121617.0,844.0,410.0,5.0,142.0,8.0,1880.0,425.0,1269060.0,18.0,471.0,385.0,543.0,4.0,0.00751239,
420,5,2020-04-06,250.492892,257.932074,5436462289,4496335629.0,1514.0,730.0,16.0,464.0,48.0,2914.0,811.0,3009297.0,41.0,431.0,91.0,790.0,5.0,0.03105006,
421,5,2020-04-07,253.002603,251.966711,5145705898,4736667722.0,1422.0,733.0,21.0,406.0,61.0,4098.0,809.0,6338761.0,43.0,1494.0,327.0,1736.0,17.0,0.02900133,
422,5,2020-04-08,258.053653,267.677906,6920466421,4889611874.0,1232.0,773.0,45.0,692.0,79.0,4653.0,718.0,15047758.0,49.0,885.0,460.0,2109.0,33.0,0.02982211,
423,5,2020-04-09,264.669172,256.545767,4775018408,4785831051.0,919.0,594.0,30.0,407.0,42.0,2753.0,617.0,5836468.0,25.0,378.0,112.0,1116.0,32.0,0.02483588,
424,5,2020-04-10,243.083291,233.199971,5231413232,4387071443.0,918.0,565.0,24.0,575.0,53.0,2167.0,643.0,2966350.0,11.0,287.0,115.0,654.0,19.0,0.04486497,
425,5,2020-04-11,233.712091,233.459619,4231695572,4306922657.0,775.0,439.0,23.0,545.0,52.0,1524.0,389.0,1917337.0,16.0,196.0,32.0,306.0,10.0,0.01763724,
426,5,2020-04-12,234.403944,234.035847,4078003698,4313639192.0,506.0,334.0,13.0,310.0,36.0,1002.0,119.0,853642.0,0.0,65.0,5.0,48.0,8.0,0.01905414,
427,5,2020-04-13,231.888383,223.927053,4658315642,4042596108.0,673.0,390.0,24.0,411.0,28.0,1083.0,118.0,1105841.0,3.0,106.0,14.0,130.0,21.0,0.03214084,
428,5,2020-04-14,224.555575,223.042896,4478005972,4096291610.0,555.0,323.0,22.0,207.0,12.0,1165.0,117.0,1436604.0,3.0,123.0,18.0,202.0,3.0,0.01123682,
429,5,2020-04-15,216.006675,215.632925,3419298109,4061717335.0,801.0,351.0,16.0,202.0,10.0,1444.0,132.0,1270541.0,3.0,114.0,18.0,191.0,11.0,0.01242795,
430,5,2020-04-16,230.463942,235.0604,5339185772,4240373366.0,537.0,327.0,17.0,134.0,19.0,1051.0,129.0,1318806.0,6.0,128.0,33.0,165.0,8.0,0.03032856,
431,5,2020-04-17,232.380605,231.772406,4041562232,4295114382.0,559.0,332.0,22.0,245.0,17.0,1136.0,111.0,2452503.0,12.0,104.0,63.0,269.0,8.0,0.01756571,
432,5,2020-04-18,239.657396,243.576695,4337103036,4345597091.0,541.0,303.0,9.0,168.0,46.0,1154.0,96.0,916973.0,4.0,200.0,33.0,167.0,15.0,0.01535773,
433,5,2020-04-19,239.390649,232.058342,4143195850,4367151605.0,543.0,299.0,18.0,239.0,35.0,983.0,146.0,676441.0,5.0,73.0,7.0,112.0,20.0,0.0168134,
434,5,2020-04-20,223.130653,219.869985,4376779725,4204659554.0,575.0,323.0,26.0,516.0,71.0,1085.0,95.0,984636.0,7.0,109.0,10.0,121.0,18.0,0.02455926,
435,5,2020-04-21,220.026192,220.133934,3857572331,4049776029.0,543.0,327.0,17.0,157.0,14.0,984.0,85.0,904062.0,5.0,91.0,10.0,137.0,18.0,0.02008672,
436,5,2020-04-22,228.817918,233.189291,3852526256,4137425869.0,606.0,346.0,25.0,239.0,33.0,1048.0,152.0,1283656.0,2.0,148.0,13.0,201.0,11.0,0.01937236,
437,5,2020-04-23,243.474117,237.476022,4584422154,4279435737.0,857.0,386.0,25.0,234.0,47.0,1388.0,118.0,1612442.0,11.0,279.0,22.0,198.0,15.0,0.02192563,
438,5,2020-04-24,238.07229,237.614414,3899393022,4375568715.0,704.0,338.0,16.0,173.0,29.0,1463.0,127.0,1388376.0,17.0,394.0,27.0,284.0,18.0,0.01351457,
439,5,2020-04-25,239.345388,238.480259,3908305767,4421217915.0,521.0,276.0,16.0,148.0,26.0,842.0,65.0,361415.0,2.0,146.0,6.0,137.0,13.0,0.00704916,
440,5,2020-04-26,242.963858,246.144967,4369721035,4459982656.0,908.0,426.0,21.0,468.0,51.0,1495.0,158.0,1833563.0,13.0,252.0,87.0,554.0,16.0,0.01009914,2.0
441,5,2020-04-27,248.234938,242.585662,4936410147,4411436727.0,755.0,465.0,21.0,221.0,19.0,1383.0,137.0,1870190.0,6.0,196.0,18.0,441.0,18.0,0.0120724,
442,5,2020-04-28,241.865552,241.711539,4236881527,4437562337.0,746.0,375.0,21.0,148.0,31.0,1266.0,134.0,1970448.0,136.0,312.0,73.0,491.0,12.0,0.0096034,
443,5,2020-04-29,271.142973,258.448619,5670971385,4690896025.0,829.0,345.0,19.0,146.0,12.0,1443.0,146.0,1816168.0,0.0,101.0,9.0,110.0,20.0,0.03068892,
444,5,2020-04-30,254.168948,250.107219,6825460878,4642591658.0,501.0,282.0,7.0,102.0,20.0,1342.0,213.0,1597207.0,4.0,95.0,16.0,168.0,18.0,0.03044147,
445,5,2020-05-01,254.965733,254.293572,4555005523,4716298926.0,403.0,247.0,16.0,98.0,17.0,843.0,94.0,1149977.0,1.0,96.0,14.0,107.0,13.0,0.01616721,
446,5,2020-05-02,260.929703,260.687528,3890700361,4698192986.0,454.0,241.0,13.0,111.0,16.0,894.0,86.0,613780.0,0.0,57.0,5.0,88.0,18.0,0.01024439,
447,5,2020-05-03,258.437516,252.938243,4676762886,4773667324.0,577.0,248.0,15.0,172.0,25.0,690.0,207.0,717718.0,6.0,88.0,10.0,162.0,22.0,0.02006324,
448,5,2020-05-04,251.983364,247.493775,4411871296,4493605087.0,462.0,221.0,19.0,218.0,28.0,828.0,257.0,977159.0,4.0,136.0,7.0,258.0,17.0,0.02300503,
449,5,2020-05-05,250.978218,247.386183,4036019122,4501618304.0,628.0,167.0,10.0,143.0,38.0,536.0,365.0,767804.0,2.0,65.0,3.0,99.0,12.0,0.011589,
450,5,2020-05-06,250.388143,242.432445,4004738756,4638069259.0,475.0,285.0,20.0,229.0,32.0,871.0,202.0,1024030.0,6.0,119.0,18.0,265.0,25.0,0.00912447,
451,5,2020-05-07,262.875962,252.954359,4700567418,4552051401.0,358.0,278.0,20.0,383.0,28.0,868.0,101.0,1621462.0,3.0,155.0,34.0,315.0,27.0,0.01162857,
452,5,2020-05-08,248.809852,259.624641,5341101924,4651400309.0,405.0,250.0,23.0,416.0,20.0,1080.0,202.0,4275751.0,24.0,197.0,25.0,326.0,27.0,0.02177276,
453,5,2020-05-09,253.651037,264.306199,6492417698,4887961668.0,346.0,216.0,18.0,93.0,8.0,843.0,181.0,4880001.0,5.0,80.0,19.0,252.0,20.0,0.03688665,
454,5,2020-05-10,243.923295,233.035559,6450757348,4343640398.0,495.0,248.0,16.0,151.0,11.0,863.0,164.0,3632730.0,6.0,131.0,20.0,151.0,15.0,0.06148694,
455,5,2020-05-11,229.184763,234.297991,5532025936,4320291621.0,360.0,260.0,18.0,122.0,25.0,807.0,217.0,4402685.0,3.0,98.0,38.0,243.0,19.0,0.01602041,
456,5,2020-05-12,239.598433,233.476412,4145279469,4331501496.0,396.0,259.0,19.0,181.0,32.0,1038.0,292.0,6298181.0,2.0,72.0,27.0,187.0,13.0,0.01039578,4.0
457,5,2020-05-13,245.869457,240.087231,3758996270,4370830040.0,391.0,258.0,14.0,173.0,30.0,967.0,211.0,5226503.0,4.0,119.0,18.0,154.0,14.0,0.00837762,2.0
458,5,2020-05-14,251.217597,242.894127,4478653587,4462962851.0,531.0,294.0,31.0,297.0,47.0,1014.0,214.0,5683168.0,13.0,210.0,138.0,533.0,25.0,0.01137859,2.0
459,5,2020-05-15,231.644126,234.623775,3855164075,4386011497.0,277.0,140.0,19.0,260.0,15.0,829.0,99.0,3237530.0,8.0,240.0,102.0,424.0,13.0,0.01003477,
460,5,2020-05-16,236.639625,237.103128,3504862712,4413593615.0,411.0,252.0,26.0,184.0,26.0,842.0,181.0,3318285.0,0.0,86.0,40.0,101.0,14.0,0.0068913,
461,5,2020-05-17,244.159539,243.159683,3583774304,4508001898.0,463.0,282.0,20.0,170.0,34.0,1239.0,155.0,2390781.0,6.0,505.0,51.0,340.0,23.0,0.01428684,
462,5,2020-05-18,244.239788,247.788427,4073476335,4532601893.0,380.0,225.0,19.0,164.0,14.0,981.0,187.0,947088.0,6.0,288.0,31.0,215.0,23.0,0.0120431,2.0
463,5,2020-05-19,249.415281,247.435829,3577692867,4522016154.0,368.0,218.0,27.0,563.0,126.0,814.0,154.0,2045545.0,0.0,76.0,12.0,138.0,26.0,0.00633569,3.0
464,5,2020-05-20,240.633871,239.242746,3512731328,4534501267.0,375.0,253.0,21.0,208.0,9.0,777.0,188.0,4695977.0,5.0,127.0,28.0,462.0,24.0,0.01148108,
465,5,2020-05-21,228.893921,228.111369,3716083769,4358331781.0,395.0,254.0,24.0,278.0,51.0,742.0,133.0,4060656.0,4.0,112.0,20.0,233.0,27.0,0.02513248,
466,5,2020-05-22,230.972752,234.7265,3436915769,4306561793.0,659.0,190.0,18.0,203.0,14.0,1330.0,111.0,4493770.0,1.0,261.0,64.0,293.0,25.0,0.01898718,6.0
467,5,2020-05-23,234.708284,234.108607,2877440620,4295144870.0,231.0,158.0,13.0,87.0,8.0,679.0,96.0,2195436.0,3.0,83.0,11.0,176.0,24.0,0.00783994,9.0
468,5,2020-05-24,223.235879,223.143866,2981146863,4309225168.0,304.0,194.0,18.0,216.0,36.0,663.0,98.0,4629829.0,2.0,75.0,10.0,134.0,26.0,0.01298339,3.0
469,5,2020-05-25,227.373601,230.351011,3008347119,4219077477.0,368.0,290.0,34.0,298.0,15.0,670.0,136.0,3978225.0,8.0,112.0,46.0,250.0,24.0,0.01222815,13.0
470,5,2020-05-26,228.531297,227.252426,2909734817,4171183900.0,399.0,246.0,15.0,261.0,39.0,804.0,109.0,3883396.0,4.0,70.0,5.0,92.0,17.0,0.00754514,9.0
471,5,2020-05-27,236.417956,234.251402,3465075432,4305059630.0,529.0,279.0,26.0,342.0,11.0,998.0,114.0,4123510.0,14.0,226.0,79.0,524.0,17.0,0.01205663,15.0
472,5,2020-05-28,243.094818,239.679744,3802666591,4337855395.0,646.0,205.0,25.0,361.0,21.0,905.0,225.0,4159715.0,1.0,221.0,20.0,182.0,15.0,0.0116242,10.0
473,5,2020-05-29,236.429647,237.344403,3805964435,4346705080.0,722.0,548.0,24.0,267.0,32.0,1924.0,155.0,5252635.0,80.0,644.0,438.0,1917.0,13.0,0.0092842,
474,5,2020-05-30,244.510668,251.057937,4565182731,4463140299.0,554.0,508.0,17.0,162.0,22.0,1033.0,129.0,1066118.0,2.0,96.0,34.0,178.0,2.0,0.01588959,
475,5,2020-05-31,244.7012,240.341503,4000325947,4556358978.0,696.0,534.0,17.0,222.0,6.0,1415.0,135.0,2894026.0,24.0,397.0,123.0,697.0,8.0,0.01243932,
476,5,2020-06-01,258.504645,256.271618,4389736210,4491747491.0,674.0,614.0,19.0,169.0,21.0,1237.0,189.0,2097545.0,2.0,172.0,13.0,272.0,15.0,0.01571975,
477,5,2020-06-02,240.523905,250.061169,5569593088,4853998328.0,620.0,566.0,21.0,174.0,20.0,984.0,135.0,1789139.0,4.0,73.0,6.0,135.0,12.0,0.02986615,
478,5,2020-06-03,253.363385,252.672119,3653959955,4610909073.0,287.0,215.0,35.0,498.0,50.0,669.0,148.0,2738720.0,7.0,118.0,4.0,252.0,8.0,0.01937279,2.0
479,5,2020-06-04,255.447603,255.953423,3476807933,4694647798.0,405.0,173.0,16.0,100.0,13.0,706.0,61.0,1433638.0,75.0,47.0,8.0,32.0,4.0,0.01249061,
480,5,2020-06-05,252.312895,256.225064,3184593479,4724845229.0,481.0,220.0,19.0,286.0,20.0,776.0,95.0,1692552.0,3.0,179.0,8.0,108.0,10.0,0.00803249,
481,5,2020-06-06,257.47738,254.131321,2419753714,4710317090.0,277.0,221.0,12.0,102.0,7.0,668.0,105.0,986401.0,99.0,115.0,15.0,250.0,10.0,0.00679618,
482,5,2020-06-07,255.095887,254.144089,2684478613,4631050920.0,212.0,178.0,17.0,154.0,14.0,501.0,101.0,648239.0,2.0,62.0,16.0,108.0,13.0,0.00957873,
483,5,2020-06-08,255.197894,255.164722,2490084971,4678374423.0,268.0,200.0,22.0,176.0,20.0,602.0,103.0,923765.0,6.0,100.0,26.0,124.0,18.0,0.00850089,3.0
484,5,2020-06-09,255.214713,254.719088,3125422797,4678136392.0,445.0,223.0,12.0,60.0,12.0,789.0,103.0,1139792.0,2.0,143.0,18.0,166.0,20.0,0.0041182,
485,5,2020-06-10,257.390103,257.089613,3461123676,4688804938.0,269.0,215.0,14.0,72.0,29.0,735.0,108.0,972234.0,2.0,177.0,13.0,126.0,23.0,0.0049206,
486,5,2020-06-11,242.325133,236.381474,3185714906,4669710278.0,419.0,223.0,15.0,109.0,13.0,772.0,104.0,3308773.0,5.0,243.0,10.0,178.0,21.0,0.02461678,
487,5,2020-06-12,240.333184,241.275508,2369413464,4468131695.0,395.0,202.0,18.0,101.0,23.0,841.0,153.0,1101779.0,1.0,133.0,11.0,131.0,9.0,0.02079526,
488,5,2020-06-13,241.147571,241.370753,1913568362,4424994605.0,265.0,203.0,23.0,334.0,33.0,619.0,145.0,1108596.0,9.0,103.0,24.0,416.0,11.0,0.00423139,11.0
489,5,2020-06-14,237.685513,237.576806,2068422172,4398339952.0,196.0,161.0,13.0,161.0,17.0,563.0,79.0,989519.0,11.0,105.0,33.0,247.0,5.0,0.00800376,16.0
490,5,2020-06-15,239.456462,236.173407,2566494155,4212984435.0,265.0,230.0,17.0,149.0,15.0,896.0,106.0,1551296.0,95.0,164.0,58.0,400.0,14.0,0.01620575,4.0
491,5,2020-06-16,238.836956,237.550083,2186425255,4386546809.0,219.0,186.0,31.0,250.0,31.0,624.0,95.0,925743.0,2.0,67.0,17.0,196.0,8.0,0.01151529,5.0
492,5,2020-06-17,235.83098,240.300399,2238047397,4423828517.0,236.0,173.0,25.0,180.0,20.0,664.0,116.0,937643.0,0.0,141.0,8.0,151.0,4.0,0.00676744,
493,5,2020-06-18,238.711326,236.365573,1902050395,4419234888.0,217.0,180.0,12.0,111.0,61.0,763.0,123.0,2055656.0,16.0,222.0,55.0,488.0,15.0,0.00755126,
494,5,2020-06-19,234.320002,233.621714,1984416156,4333382657.0,502.0,355.0,21.0,169.0,13.0,752.0,112.0,3642284.0,2.0,93.0,7.0,110.0,24.0,0.00896052,1.0
495,5,2020-06-20,234.808781,232.904643,1893794402,4287151079.0,429.0,298.0,21.0,106.0,27.0,702.0,119.0,4425472.0,1.0,92.0,6.0,105.0,23.0,0.00565479,10.0
496,5,2020-06-21,231.325104,230.426356,1810102191,4285148440.0,414.0,288.0,19.0,161.0,41.0,673.0,83.0,5477650.0,1.0,103.0,13.0,127.0,16.0,0.00543816,8.0
497,5,2020-06-22,239.819379,241.149307,2203552022,4391928241.0,509.0,370.0,18.0,212.0,33.0,797.0,118.0,7171787.0,4.0,138.0,18.0,330.0,22.0,0.01309192,13.0
498,5,2020-06-23,239.622812,240.381483,2086465219,4437178324.0,483.0,337.0,13.0,150.0,15.0,853.0,120.0,11726891.0,0.0,150.0,9.0,233.0,5.0,0.00839346,5.0
499,5,2020-06-24,233.287867,233.387534,2167784096,4371259822.0,409.0,205.0,15.0,123.0,5.0,698.0,62.0,5353325.0,2.0,266.0,11.0,146.0,9.0,0.01268296,
500,5,2020-06-25,231.921048,232.633251,1814958965,4286928596.0,429.0,343.0,21.0,439.0,54.0,975.0,116.0,5275041.0,10.0,304.0,52.0,294.0,20.0,0.01099739,
501,5,2020-06-26,230.537282,231.005605,1832308847,4282365822.0,479.0,326.0,20.0,210.0,28.0,824.0,106.0,4656027.0,8.0,162.0,49.0,516.0,23.0,0.00628413,
502,5,2020-06-27,227.15238,217.121816,2186880684,4227730054.0,415.0,301.0,9.0,68.0,18.0,674.0,111.0,4122896.0,3.0,92.0,18.0,147.0,22.0,0.01957154,
503,5,2020-06-28,219.75354,222.458389,1843841602,4044128392.0,324.0,260.0,15.0,176.0,33.0,634.0,125.0,2804379.0,0.0,56.0,6.0,62.0,22.0,0.02318195,
504,5,2020-06-29,224.261406,225.456367,1918605188,4098432526.0,381.0,320.0,17.0,120.0,16.0,802.0,121.0,4035426.0,3.0,88.0,10.0,157.0,3.0,0.00940979,
505,5,2020-06-30,224.337905,222.605038,1717756095,4099958968.0,391.0,293.0,21.0,107.0,41.0,667.0,120.0,4597573.0,4.0,110.0,8.0,161.0,5.0,0.00623618,
506,5,2020-07-01,224.527425,223.860022,2023097198,4123391070.0,463.0,341.0,15.0,75.0,34.0,537.0,280.0,4127790.0,4.0,97.0,13.0,193.0,13.0,0.00536048,
507,5,2020-07-02,220.946362,220.18282,1840371979,4148690722.0,432.0,335.0,9.0,169.0,23.0,464.0,319.0,3723041.0,2.0,72.0,21.0,144.0,12.0,0.00770894,
508,5,2020-07-03,219.420718,221.077862,1784146376,4102372150.0,368.0,279.0,17.0,311.0,10.0,526.0,269.0,3745616.0,16.0,129.0,20.0,277.0,5.0,0.00631389,
509,5,2020-07-04,222.928559,225.543943,1875435527,4108869041.0,313.0,244.0,8.0,65.0,12.0,423.0,321.0,2617289.0,3.0,79.0,3.0,176.0,1.0,0.00540059,
510,5,2020-07-05,224.085923,222.308787,1924735275,4076070574.0,474.0,384.0,15.0,109.0,10.0,470.0,493.0,4179497.0,11.0,121.0,63.0,276.0,7.0,0.00909445,
511,5,2020-07-06,228.557986,242.343607,2734754863,4303905532.0,446.0,352.0,22.0,434.0,24.0,586.0,328.0,3441102.0,1.0,162.0,15.0,135.0,18.0,0.02879458,
512,5,2020-07-07,240.56381,238.134128,2109452229,4381877650.0,366.0,277.0,17.0,128.0,4.0,491.0,372.0,3301894.0,10.0,98.0,30.0,267.0,13.0,0.01606959,
513,5,2020-07-08,242.192777,243.275343,2363000893,4461899140.0,423.0,339.0,19.0,169.0,16.0,570.0,418.0,4234178.0,11.0,114.0,19.0,257.0,19.0,0.01014876,
514,5,2020-07-09,238.771112,238.561667,2261998205,4508354529.0,415.0,331.0,22.0,165.0,14.0,607.0,427.0,4706904.0,5.0,156.0,33.0,290.0,12.0,0.01119373,
515,5,2020-07-10,239.455402,238.463363,2048635517,4371817039.0,672.0,258.0,16.0,146.0,14.0,484.0,749.0,954307.0,6.0,97.0,17.0,249.0,8.0,0.00956999,3.0
516,5,2020-07-11,237.320274,236.597548,1705979107,4360306543.0,349.0,265.0,13.0,110.0,15.0,489.0,353.0,6478657.0,6.0,81.0,11.0,198.0,1.0,0.00484164,
517,5,2020-07-12,238.211615,237.497108,1748105290,4383839250.0,317.0,261.0,16.0,85.0,15.0,631.0,358.0,1687413.0,9.0,173.0,142.0,666.0,11.0,0.00506176,
518,5,2020-07-13,235.943255,232.064422,2213771061,4386548616.0,366.0,290.0,12.0,128.0,7.0,379.0,426.0,1182699.0,2.0,58.0,14.0,130.0,9.0,0.00887744,
519,5,2020-07-14,232.276222,230.565055,1965707064,4259347816.0,155.0,128.0,10.0,66.0,12.0,194.0,171.0,1966548.0,0.0,63.0,3.0,116.0,1.0,0.0141202,2.0
520,5,2020-07-15,228.85743,227.31921,1735885172,4231269716.0,358.0,245.0,24.0,78.0,15.0,491.0,402.0,4393424.0,2.0,96.0,35.0,288.0,5.0,0.00599274,
521,5,2020-07-16,225.874379,224.500577,1962258677,4107474129.0,302.0,240.0,16.0,113.0,15.0,412.0,334.0,3423909.0,6.0,81.0,15.0,240.0,6.0,0.01168637,
522,5,2020-07-17,224.800558,223.138748,1471890402,4145093860.0,245.0,179.0,19.0,240.0,18.0,318.0,347.0,1645717.0,9.0,110.0,50.0,316.0,5.0,0.00512035,
523,5,2020-07-18,223.610675,224.686906,1395138097,4165328631.0,244.0,204.0,20.0,163.0,15.0,366.0,271.0,1967725.0,4.0,55.0,9.0,132.0,1.0,0.00472974,
524,5,2020-07-19,225.688513,227.978242,1543922119,4115930087.0,262.0,229.0,16.0,180.0,13.0,393.0,296.0,1327917.0,4.0,94.0,9.0,169.0,3.0,0.00579039,
525,5,2020-07-20,226.750802,223.067523,1609323596,4154997148.0,316.0,252.0,32.0,356.0,32.0,460.0,323.0,4207098.0,10.0,106.0,20.0,290.0,14.0,0.00700913,
526,5,2020-07-21,228.346327,229.710146,1784459094,4250486959.0,356.0,215.0,22.0,476.0,204.0,506.0,374.0,2800279.0,10.0,111.0,31.0,296.0,12.0,0.0113992,
527,5,2020-07-22,234.023631,239.542534,2006296722,4245641232.0,251.0,212.0,22.0,150.0,24.0,566.0,362.0,1813929.0,3.0,208.0,13.0,184.0,13.0,0.01192404,
528,5,2020-07-23,241.781215,238.459534,1992008539,4388397940.0,208.0,179.0,18.0,91.0,19.0,373.0,374.0,1975804.0,4.0,72.0,6.0,188.0,4.0,0.014477,
529,5,2020-07-24,237.298967,235.731777,1808933162,4349646299.0,232.0,199.0,11.0,66.0,2.0,493.0,280.0,6044155.0,5.0,80.0,44.0,180.0,5.0,0.00822786,
530,5,2020-07-25,240.455481,247.673941,2437218376,4475171203.0,183.0,147.0,17.0,135.0,24.0,438.0,275.0,1859884.0,10.0,119.0,21.0,218.0,6.0,0.01609841,
531,5,2020-07-26,253.361913,249.289267,2649585267,4614299214.0,275.0,180.0,21.0,361.0,38.0,501.0,472.0,2959838.0,46.0,121.0,17.0,248.0,7.0,0.01409361,
532,5,2020-07-27,273.208811,268.281004,3983541250,4807182825.0,1117.0,1050.0,24.0,213.0,38.0,523.0,1232.0,1409794.0,12.0,136.0,24.0,284.0,4.0,0.02715953,
533,5,2020-07-28,266.194186,289.302053,4603137557,5045708915.0,1336.0,1276.0,30.0,288.0,53.0,502.0,1429.0,2039676.0,6.0,100.0,11.0,237.0,8.0,0.04096549,
534,5,2020-07-29,293.373881,287.881389,3054653568,5365465761.0,269.0,230.0,37.0,218.0,96.0,487.0,370.0,1468169.0,9.0,121.0,25.0,300.0,10.0,0.02131509,
535,5,2020-07-30,288.71717,289.825146,3066753153,5250570964.0,262.0,213.0,31.0,387.0,62.0,613.0,439.0,1380028.0,7.0,113.0,29.0,338.0,15.0,0.01038,
536,5,2020-07-31,296.672273,298.224034,3150628082,5420226104.0,352.0,248.0,40.0,424.0,55.0,2374.0,652.0,4057112.0,23.0,1070.0,109.0,1014.0,7.0,0.01621942,
537,5,2020-08-01,310.147491,314.347145,3929625295,5673707312.0,379.0,332.0,26.0,173.0,17.0,1574.0,640.0,4099374.0,147.0,508.0,71.0,1166.0,7.0,0.02737863,
538,5,2020-08-02,298.468216,285.467197,6008983209,5244019409.0,341.0,248.0,17.0,209.0,49.0,990.0,562.0,3612563.0,9.0,250.0,87.0,401.0,9.0,0.03988103,
539,5,2020-08-03,291.49019,295.696706,3375199565,5438978379.0,1351.0,355.0,28.0,248.0,23.0,6697.0,1727.0,8426151.0,108.0,511.0,69.0,696.0,9.0,0.01961964,
540,5,2020-08-04,294.752151,290.792777,3175705893,5405987295.0,593.0,423.0,30.0,289.0,30.0,1769.0,710.0,4424301.0,25.0,139.0,135.0,422.0,14.0,0.01083432,
541,5,2020-08-05,303.895386,293.993944,3085192578,5489376667.0,480.0,360.0,34.0,377.0,71.0,1136.0,459.0,4331324.0,41.0,335.0,77.0,411.0,21.0,0.00799878,
542,5,2020-08-06,294.608067,309.159689,4021133005,5474318039.0,340.0,269.0,41.0,494.0,123.0,1762.0,423.0,3774770.0,365.0,321.0,109.0,715.0,20.0,0.02865929,
543,5,2020-08-07,305.029069,303.451585,5102405373,5899248957.0,367.0,301.0,28.0,184.0,33.0,918.0,384.0,2437752.0,9.0,304.0,33.0,335.0,10.0,0.03303261,2.0
544,5,2020-08-08,307.550486,304.927734,2876074205,5689887477.0,336.0,272.0,25.0,485.0,75.0,489.0,357.0,3175320.0,2.0,51.0,10.0,101.0,10.0,0.02011546,
545,5,2020-08-09,303.757684,299.89858,2902442154,5606817856.0,612.0,342.0,20.0,258.0,37.0,674.0,432.0,3056561.0,3.0,100.0,5.0,197.0,22.0,0.0108231,
546,5,2020-08-10,305.288226,303.094967,3156135906,5594266212.0,432.0,301.0,15.0,229.0,31.0,632.0,522.0,3952232.0,5.0,173.0,12.0,273.0,15.0,0.01107497,
547,5,2020-08-11,291.368969,282.962267,3226961550,5429352843.0,254.0,208.0,18.0,106.0,11.0,556.0,323.0,3931204.0,1.0,129.0,37.0,307.0,15.0,0.02714071,
548,5,2020-08-12,286.055894,285.002661,2931434403,5331236554.0,340.0,253.0,16.0,129.0,16.0,679.0,324.0,1877639.0,2.0,288.0,32.0,302.0,20.0,0.02069569,
549,5,2020-08-13,290.773602,295.664341,2972594439,5171675346.0,290.0,227.0,17.0,200.0,23.0,565.0,353.0,4294994.0,1.0,104.0,11.0,147.0,18.0,0.01401054,
550,5,2020-08-14,295.500199,293.155864,2852474509,5426867856.0,353.0,248.0,28.0,221.0,19.0,527.0,381.0,678538.0,5.0,164.0,9.0,226.0,6.0,0.0184404,
551,5,2020-08-15,296.660688,302.177084,3177287411,5439228478.0,248.0,212.0,16.0,160.0,30.0,579.0,339.0,1961047.0,7.0,171.0,24.0,204.0,5.0,0.01475191,
552,5,2020-08-16,303.499389,308.277824,3375766469,5549825628.0,215.0,177.0,15.0,297.0,32.0,522.0,295.0,2722265.0,4.0,158.0,8.0,221.0,7.0,0.0140507,
553,5,2020-08-17,315.830519,317.427406,3959187648,5793045576.0,475.0,293.0,22.0,513.0,48.0,711.0,351.0,5421868.0,8.0,127.0,23.0,314.0,21.0,0.02045572,
554,5,2020-08-18,310.04449,303.642017,3306284324,5779073465.0,347.0,300.0,21.0,182.0,12.0,601.0,287.0,4788005.0,12.0,202.0,34.0,893.0,24.0,0.02223176,
555,5,2020-08-19,299.359947,293.527365,3215825982,5491624813.0,399.0,307.0,16.0,153.0,87.0,657.0,315.0,4213259.0,1.0,183.0,4.0,227.0,12.0,0.02570873,
556,5,2020-08-20,295.498809,293.995164,2387851247,5412766422.0,522.0,313.0,20.0,145.0,30.0,746.0,416.0,4670032.0,11.0,166.0,30.0,756.0,22.0,0.01125941,
557,5,2020-08-21,286.754932,283.686931,2939517903,5451232875.0,380.0,298.0,29.0,402.0,46.0,633.0,334.0,3297200.0,2.0,239.0,10.0,167.0,9.0,0.01573816,
558,5,2020-08-22,286.366393,287.210465,2118000394,5265882284.0,262.0,225.0,15.0,209.0,40.0,578.0,262.0,2851130.0,50.0,98.0,20.0,156.0,7.0,0.01617605,
559,5,2020-08-23,286.349815,284.889407,1844307716,5191872807.0,329.0,221.0,18.0,874.0,66.0,625.0,303.0,3968848.0,64.0,151.0,30.0,415.0,8.0,0.00672321,
560,5,2020-08-24,287.866077,291.323122,2006340140,5359795006.0,334.0,244.0,24.0,184.0,33.0,804.0,401.0,6565833.0,66.0,188.0,124.0,434.0,10.0,0.01106086,
561,5,2020-08-25,281.668691,275.980779,2164944385,5236562734.0,338.0,243.0,16.0,159.0,28.0,558.0,350.0,3517046.0,3.0,89.0,21.0,172.0,7.0,0.0195591,
562,5,2020-08-26,278.662597,274.873892,1917867930,5048325368.0,474.0,205.0,26.0,356.0,39.0,1357.0,1596.0,6785163.0,422.0,338.0,79.0,622.0,3.0,0.01323687,
563,5,2020-08-27,272.39118,265.060685,2138836198,5038051246.0,380.0,230.0,21.0,236.0,19.0,1079.0,521.0,1873237.0,10.0,107.0,34.0,314.0,6.0,0.0149431,
564,5,2020-08-28,268.906172,268.489861,1911698206,4953223829.0,516.0,161.0,27.0,237.0,40.0,1480.0,331.0,2096944.0,393.0,247.0,66.0,426.0,1.0,0.01235466,
565,5,2020-08-29,268.014968,268.320172,1783249904,4976154765.0,257.0,184.0,15.0,159.0,11.0,675.0,309.0,1370836.0,3.0,62.0,11.0,164.0,2.0,0.00562602,9.0
566,5,2020-08-30,274.231148,278.844538,1866529648,5064276689.0,193.0,168.0,10.0,129.0,24.0,613.0,276.0,652737.0,1.0,35.0,3.0,58.0,6.0,0.0106589,19.0
567,5,2020-08-31,278.226489,274.254942,1861251505,5138036146.0,284.0,197.0,17.0,197.0,24.0,507.0,329.0,1621278.0,16.0,114.0,75.0,376.0,3.0,0.0096841,4.0
568,5,2020-09-01,280.530897,291.034012,2548360857,5190448540.0,956.0,177.0,24.0,188.0,29.0,1593.0,459.0,2999057.0,120.0,254.0,237.0,968.0,18.0,0.01603574,
569,5,2020-09-02,280.863136,264.437535,2839169183,4926870357.0,486.0,279.0,23.0,348.0,35.0,772.0,608.0,1562584.0,9.0,145.0,176.0,663.0,13.0,0.03616789,
570,5,2020-09-03,240.41203,216.048436,2399582641,4577198203.0,481.0,311.0,20.0,259.0,44.0,448.0,507.0,1017376.0,1.0,103.0,7.0,172.0,10.0,0.05535035,
571,5,2020-09-04,221.063499,231.168646,2935520759,4347105552.0,516.0,205.0,14.0,174.0,29.0,1275.0,435.0,5022100.0,218.0,439.0,1036.0,2689.0,8.0,0.04574442,
572,5,2020-09-05,224.698534,225.919048,3595032479,4015392020.0,271.0,181.0,9.0,226.0,34.0,445.0,416.0,1107302.0,1.0,58.0,6.0,83.0,16.0,0.02123632,7.0
573,5,2020-09-06,228.178451,228.085419,2863263124,4256855293.0,164.0,85.0,4.0,30.0,4.0,1267.0,166.0,1071600.0,709.0,302.0,98.0,583.0,12.0,0.01776191,4.0
574,5,2020-09-07,230.449421,228.847024,3015539835,4031873253.0,813.0,224.0,17.0,169.0,21.0,971.0,865.0,1028529.0,4.0,121.0,15.0,228.0,10.0,0.01220011,7.0
575,5,2020-09-08,223.761733,222.799322,2674724071,4120376655.0,861.0,241.0,13.0,78.0,6.0,1637.0,739.0,1282942.0,371.0,248.0,56.0,393.0,22.0,0.01182944,10.0
576,5,2020-09-09,224.98222,224.452731,2026555241,4147810984.0,526.0,281.0,11.0,118.0,14.0,1001.0,487.0,802695.0,6.0,62.0,5.0,145.0,12.0,0.01095006,
577,5,2020-09-10,227.454262,227.866524,2331827016,4216796504.0,970.0,338.0,20.0,187.0,38.0,2171.0,531.0,6857276.0,10.0,103.0,40.0,311.0,15.0,0.00801046,
578,5,2020-09-11,228.888674,225.427829,2114817487,4151329976.0,471.0,242.0,24.0,208.0,28.0,745.0,395.0,1113606.0,4.0,74.0,8.0,147.0,9.0,0.0071397,
579,5,2020-09-12,226.892616,230.028379,1969363737,4149331993.0,318.0,171.0,22.0,139.0,13.0,610.0,387.0,912553.0,9.0,80.0,38.0,389.0,5.0,0.00888143,
580,5,2020-09-13,227.794202,222.22383,2287265341,4163827163.0,419.0,205.0,20.0,153.0,36.0,557.0,584.0,773941.0,30.0,56.0,19.0,126.0,3.0,0.01672564,8.0
581,5,2020-09-14,228.762408,225.823144,2348410558,4168859268.0,421.0,198.0,24.0,127.0,40.0,467.0,585.0,821498.0,3.0,68.0,12.0,119.0,7.0,0.01856153,2.0
582,5,2020-09-15,227.653402,235.119333,3270799532,4372361507.0,464.0,211.0,17.0,190.0,33.0,461.0,773.0,1227368.0,3.0,54.0,12.0,160.0,10.0,0.02358469,3.0
583,5,2020-09-16,238.245072,231.081834,2685101628,4316353168.0,583.0,245.0,23.0,274.0,27.0,1411.0,784.0,1860927.0,23.0,177.0,72.0,516.0,11.0,0.01231949,2.0
584,5,2020-09-17,233.319601,233.236523,2496495058,4298776954.0,408.0,220.0,17.0,211.0,22.0,927.0,932.0,887034.0,2.0,82.0,3.0,171.0,14.0,0.00645763,
585,5,2020-09-18,233.097278,233.478937,2187978411,4371871984.0,351.0,177.0,18.0,193.0,21.0,703.0,543.0,1117985.0,32.0,145.0,24.0,277.0,4.0,0.00614424,
586,5,2020-09-19,236.22536,233.855268,2200520561,4363899292.0,388.0,198.0,15.0,312.0,35.0,423.0,535.0,775151.0,3.0,55.0,11.0,124.0,3.0,0.00612136,
587,5,2020-09-20,230.313917,230.240005,2189088639,4209170148.0,187.0,142.0,12.0,491.0,51.0,320.0,288.0,667333.0,0.0,37.0,12.0,131.0,5.0,0.01431636,
588,5,2020-09-21,216.822545,212.881739,2151719295,4104646188.0,189.0,155.0,20.0,329.0,38.0,361.0,337.0,1745962.0,6.0,92.0,18.0,267.0,4.0,0.02596812,
589,5,2020-09-22,214.796126,220.157167,1529689826,3974136725.0,242.0,175.0,13.0,49.0,15.0,1197.0,641.0,1289836.0,26.0,108.0,26.0,178.0,6.0,0.01721223,2.0
590,5,2020-09-23,217.160926,207.400078,1492847679,4009452440.0,369.0,248.0,15.0,238.0,11.0,1040.0,729.0,1386794.0,5.0,78.0,26.0,253.0,9.0,0.01686135,
591,5,2020-09-24,216.86055,217.142917,1558623143,3903314709.0,236.0,198.0,15.0,95.0,7.0,470.0,407.0,1217938.0,6.0,78.0,13.0,190.0,13.0,0.01855138,
592,5,2020-09-25,216.587326,216.65858,1545386729,3981551293.0,292.0,222.0,16.0,122.0,7.0,488.0,297.0,1606111.0,64.0,109.0,45.0,246.0,12.0,0.01181761,
593,5,2020-09-26,217.335475,221.259448,1568943638,3967843688.0,396.0,200.0,13.0,94.0,7.0,1416.0,392.0,900602.0,520.0,168.0,58.0,422.0,4.0,0.01207279,
594,5,2020-09-27,222.183257,228.563565,1795809258,4058579953.0,199.0,152.0,6.0,74.0,13.0,600.0,333.0,831524.0,1.0,70.0,7.0,189.0,7.0,0.01762449,
595,5,2020-09-28,226.785169,225.803484,2004907891,4290339852.0,164.0,141.0,12.0,100.0,5.0,381.0,364.0,879551.0,2.0,85.0,12.0,165.0,9.0,0.0160858,
596,5,2020-09-29,228.711264,228.949448,1746401794,4231857117.0,254.0,202.0,12.0,157.0,17.0,1036.0,321.0,2764528.0,8.0,169.0,75.0,510.0,16.0,0.00751931,
597,5,2020-09-30,227.92505,227.721456,1703781593,4206512279.0,303.0,208.0,20.0,132.0,22.0,653.0,406.0,1183724.0,11.0,151.0,14.0,260.0,13.0,0.00479182,3.0
598,5,2020-10-01,224.928518,227.891728,1909445999,4300860034.0,266.0,193.0,11.0,38.0,14.0,375.0,449.0,1155795.0,1.0,55.0,6.0,78.0,8.0,0.01113516,9.0
599,5,2020-10-02,226.90563,219.996592,1934306319,4011990360.0,209.0,157.0,12.0,164.0,20.0,448.0,414.0,822002.0,2.0,47.0,1.0,73.0,3.0,0.02074097,21.0
600,5,2020-10-03,219.534128,219.067457,1380425322,4072783452.0,1218.0,164.0,10.0,90.0,20.0,1450.0,277.0,1279426.0,50.0,695.0,32.0,384.0,1.0,0.00796456,25.0
601,5,2020-10-04,221.432629,220.886136,1376839259,4058563866.0,338.0,166.0,18.0,207.0,20.0,463.0,224.0,557993.0,1.0,62.0,10.0,129.0,3.0,0.00432657,21.0
602,5,2020-10-05,222.775195,221.741774,1424874827,4083954777.0,322.0,191.0,11.0,93.0,47.0,495.0,260.0,663513.0,3.0,151.0,23.0,196.0,10.0,0.00411947,7.0
603,5,2020-10-06,218.550163,219.688662,1764194329,4066085624.0,197.0,157.0,21.0,171.0,10.0,358.0,307.0,633667.0,5.0,86.0,11.0,194.0,4.0,0.00931308,
604,5,2020-10-07,220.463899,223.001012,1552293356,4060364026.0,529.0,182.0,13.0,48.0,12.0,650.0,418.0,988787.0,86.0,323.0,237.0,300.0,3.0,0.01166503,
605,5,2020-10-08,227.889571,233.748923,2096081520,4227457561.0,212.0,163.0,17.0,149.0,15.0,362.0,338.0,1673379.0,2.0,56.0,8.0,129.0,4.0,0.02249625,3.0
606,5,2020-10-09,236.525849,236.757133,2019342404,4409537690.0,152.0,140.0,12.0,110.0,3.0,358.0,295.0,742764.0,0.0,63.0,5.0,104.0,2.0,0.01742426,4.0
607,5,2020-10-10,241.598549,237.312658,2126215916,4470241773.0,181.0,157.0,6.0,43.0,8.0,401.0,311.0,1592976.0,4.0,75.0,11.0,186.0,,0.01077527,4.0
608,5,2020-10-11,238.89346,239.387937,2013283768,4443312255.0,219.0,177.0,9.0,83.0,4.0,393.0,545.0,1691636.0,2.0,103.0,82.0,243.0,1.0,0.00559015,8.0
609,5,2020-10-12,242.743934,240.340973,2009645746,4390368672.0,197.0,176.0,18.0,179.0,33.0,448.0,354.0,1047919.0,3.0,140.0,17.0,174.0,4.0,0.00684869,10.0
610,5,2020-10-13,238.242036,253.708713,2811811008,4561111013.0,341.0,312.0,18.0,106.0,22.0,773.0,398.0,2044724.0,1.0,119.0,8.0,221.0,6.0,0.02055955,2.0
611,5,2020-10-14,253.469336,259.152003,3145136853,4720847664.0,215.0,157.0,16.0,107.0,12.0,484.0,498.0,2144682.0,6.0,139.0,50.0,320.0,3.0,0.01749276,
612,5,2020-10-15,260.934889,261.742418,3104908913,4838939778.0,228.0,196.0,14.0,177.0,26.0,482.0,421.0,1664639.0,8.0,187.0,33.0,273.0,6.0,0.01589118,
613,5,2020-10-16,257.700837,250.100227,3164554879,4728375860.0,198.0,178.0,22.0,218.0,16.0,500.0,445.0,1504992.0,42.0,154.0,41.0,341.0,3.0,0.01959289,
614,5,2020-10-17,250.981771,244.847404,2239126272,4615750564.0,137.0,125.0,13.0,72.0,22.0,397.0,307.0,1013785.0,2.0,82.0,8.0,130.0,1.0,0.01390321,
615,5,2020-10-18,247.896264,249.302568,1980444434,4588936835.0,168.0,157.0,15.0,207.0,12.0,460.0,427.0,1154361.0,7.0,101.0,13.0,195.0,1.0,0.00856232,2.0
616,5,2020-10-19,253.569758,249.395533,2065968884,4601445257.0,191.0,158.0,16.0,99.0,16.0,435.0,369.0,1311519.0,9.0,97.0,16.0,182.0,1.0,0.00557651,
617,5,2020-10-20,251.981492,240.730659,2295326797,4537852671.0,264.0,175.0,18.0,109.0,37.0,360.0,432.0,1307318.0,8.0,77.0,18.0,97.0,4.0,0.01242889,
618,5,2020-10-21,256.560727,258.284656,3142245168,4782391053.0,384.0,242.0,21.0,196.0,22.0,2122.0,936.0,7557091.0,208.0,948.0,460.0,4065.0,15.0,0.02984478,
619,5,2020-10-22,262.523994,268.359104,3048597274,5019650399.0,311.0,174.0,11.0,507.0,13.0,800.0,931.0,2292519.0,7.0,190.0,21.0,331.0,,0.02466739,
620,5,2020-10-23,266.91517,269.811564,2582780586,5053804555.0,1143.0,222.0,12.0,105.0,16.0,1421.0,500.0,1690013.0,11.0,586.0,14.0,270.0,3.0,0.00892627,
621,5,2020-10-24,273.401068,275.198463,2136829967,5055371193.0,516.0,187.0,16.0,87.0,7.0,650.0,401.0,754299.0,6.0,98.0,10.0,95.0,3.0,0.00856025,
622,5,2020-10-25,273.485809,271.191394,2528942535,5048967519.0,251.0,172.0,10.0,88.0,12.0,601.0,347.0,1291371.0,2.0,102.0,11.0,122.0,4.0,0.00711864,
623,5,2020-10-26,271.329155,259.642072,2913037402,4942525394.0,135.0,97.0,11.0,62.0,12.0,273.0,176.0,850302.0,3.0,67.0,3.0,133.0,3.0,0.01384428,4.0
624,5,2020-10-27,269.911428,265.249515,2916222849,4931287637.0,422.0,249.0,24.0,219.0,19.0,573.0,507.0,1324822.0,10.0,81.0,25.0,258.0,10.0,0.01536888,
625,5,2020-10-28,258.319551,268.622251,3753085961,5103762541.0,291.0,187.0,16.0,179.0,33.0,519.0,379.0,1360947.0,6.0,68.0,24.0,196.0,9.0,0.01675559,2.0
626,5,2020-10-29,271.71703,267.379365,2945050881,4873251852.0,271.0,221.0,22.0,206.0,20.0,409.0,385.0,1446813.0,6.0,64.0,13.0,115.0,9.0,0.01403315,
627,5,2020-10-30,269.080655,262.040114,3123733473,4808818013.0,456.0,245.0,22.0,113.0,18.0,581.0,451.0,1096242.0,9.0,58.0,8.0,103.0,10.0,0.01342762,
628,5,2020-10-31,266.120016,262.376115,2297570594,4904290146.0,312.0,175.0,6.0,13.0,4.0,404.0,452.0,1643576.0,59.0,99.0,98.0,423.0,5.0,0.00720528,
629,5,2020-11-01,262.395311,268.095378,2219423867,4855752658.0,366.0,189.0,22.0,174.0,18.0,481.0,434.0,1066383.0,7.0,54.0,26.0,157.0,4.0,0.0095836,
630,5,2020-11-02,264.174916,257.048073,2638558817,4801550430.0,613.0,318.0,28.0,196.0,43.0,661.0,467.0,1029024.0,7.0,128.0,22.0,272.0,14.0,0.02189715,
631,5,2020-11-03,264.220266,244.008994,2930231402,4471876984.0,382.0,239.0,25.0,223.0,27.0,467.0,446.0,6627977.0,6.0,104.0,15.0,252.0,13.0,0.03492829,2.0
632,5,2020-11-04,246.868327,240.858953,2489518284,4373785277.0,312.0,228.0,26.0,174.0,25.0,569.0,335.0,2335557.0,8.0,79.0,9.0,155.0,9.0,0.0150932,
633,5,2020-11-05,261.304388,249.120574,2825377275,4511225712.0,210.0,194.0,21.0,161.0,12.0,411.0,339.0,1252956.0,8.0,64.0,16.0,177.0,17.0,0.0180103,2.0
634,5,2020-11-06,250.661637,258.071921,2930770684,4623559717.0,338.0,222.0,24.0,215.0,52.0,485.0,393.0,1271340.0,3.0,69.0,12.0,125.0,7.0,0.02229226,4.0
635,5,2020-11-07,246.959697,253.919908,3484720360,5061007731.0,352.0,203.0,17.0,133.0,10.0,339.0,410.0,1673519.0,1.0,57.0,6.0,78.0,4.0,0.02651572,
636,5,2020-11-08,263.829491,270.834541,2750382087,4900045585.0,210.0,158.0,15.0,145.0,30.0,544.0,315.0,2009474.0,6.0,85.0,10.0,210.0,5.0,0.02754943,
637,5,2020-11-09,269.406883,264.807989,2725428437,4904654983.0,355.0,316.0,26.0,203.0,22.0,452.0,379.0,2366127.0,6.0,79.0,42.0,230.0,18.0,0.01751678,
638,5,2020-11-10,264.409206,257.824973,2387754070,4793726277.0,398.0,306.0,15.0,94.0,38.0,591.0,326.0,2504277.0,4.0,160.0,37.0,238.0,14.0,0.01358247,
639,5,2020-11-11,264.002301,256.931502,2246301047,4801209622.0,434.0,350.0,32.0,332.0,72.0,640.0,362.0,3855785.0,30.0,79.0,21.0,143.0,17.0,0.00768177,
640,5,2020-11-12,265.05243,260.293487,2461294153,4803575392.0,391.0,323.0,32.0,132.0,35.0,1286.0,412.0,2702233.0,13.0,154.0,26.0,287.0,21.0,0.00789432,22.0
641,5,2020-11-13,261.067817,259.093295,2420883226,4746198802.0,350.0,328.0,18.0,105.0,31.0,729.0,432.0,2679770.0,11.0,167.0,71.0,236.0,16.0,0.00839971,19.0
642,5,2020-11-14,255.563185,256.70903,2143761962,4760313952.0,519.0,444.0,37.0,380.0,45.0,731.0,391.0,2178169.0,7.0,125.0,55.0,335.0,10.0,0.00802835,7.0
643,5,2020-11-15,254.979975,241.206497,2312133063,4572877420.0,327.0,281.0,53.0,801.0,125.0,1207.0,280.0,4317563.0,80.0,480.0,168.0,1756.0,29.0,0.02401586,4.0
644,5,2020-11-16,250.997174,248.346999,2292073068,4629048446.0,424.0,381.0,39.0,556.0,58.0,761.0,512.0,6038236.0,8.0,173.0,22.0,227.0,19.0,0.02142347,2.0
645,5,2020-11-17,261.289547,255.249761,1951216802,4732304917.0,442.0,398.0,30.0,224.0,23.0,891.0,531.0,2596457.0,62.0,235.0,407.0,922.0,12.0,0.0120241,
646,5,2020-11-18,255.067624,246.700326,2269817593,4554467585.0,302.0,261.0,24.0,445.0,37.0,836.0,318.0,2219822.0,38.0,190.0,44.0,691.0,6.0,0.01627195,
647,5,2020-11-19,246.979279,246.176127,1700551414,4594483206.0,258.0,214.0,13.0,143.0,37.0,559.0,228.0,2185265.0,8.0,93.0,20.0,217.0,6.0,0.01201884,
648,5,2020-11-20,257.374497,259.592961,2183131838,4706572825.0,243.0,187.0,20.0,257.0,46.0,649.0,293.0,1487279.0,7.0,71.0,19.0,193.0,22.0,0.01799981,
649,5,2020-11-21,259.876442,303.42989,5027969587,5038981131.0,279.0,188.0,19.0,320.0,20.0,1002.0,343.0,2180632.0,15.0,131.0,41.0,275.0,21.0,0.05314388,
650,5,2020-11-22,300.351605,289.241603,4404302839,5251916339.0,252.0,194.0,19.0,186.0,37.0,641.0,319.0,7291802.0,6.0,97.0,17.0,292.0,23.0,0.03512733,
651,5,2020-11-23,290.22999,322.652006,5126399902,5561814031.0,227.0,186.0,25.0,293.0,44.0,664.0,329.0,1379927.0,6.0,143.0,36.0,286.0,8.0,0.04309854,
652,5,2020-11-24,331.944705,345.831545,7289671048,6088308721.0,324.0,211.0,26.0,375.0,126.0,579.0,378.0,1417505.0,9.0,95.0,16.0,153.0,6.0,0.05773611,
653,5,2020-11-25,340.853692,313.285145,4776853158,6345929186.0,214.0,184.0,18.0,229.0,12.0,699.0,328.0,1781326.0,8.0,99.0,13.0,254.0,4.0,0.03561047,
654,5,2020-11-26,290.911634,271.932239,4803943295,5178296495.0,214.0,175.0,26.0,532.0,74.0,493.0,324.0,816327.0,9.0,71.0,8.0,106.0,4.0,0.08980645,
655,5,2020-11-27,271.458676,265.961055,3182599967,4962709194.0,284.0,202.0,13.0,191.0,130.0,646.0,465.0,2256286.0,9.0,146.0,5.0,170.0,8.0,0.03408438,
656,5,2020-11-28,274.246296,276.58484,3276841651,4967566054.0,276.0,196.0,11.0,101.0,29.0,601.0,397.0,2253859.0,3.0,111.0,6.0,89.0,3.0,0.02027088,
657,5,2020-11-29,283.613403,285.215112,2795104580,5107204007.0,159.0,139.0,22.0,205.0,32.0,478.0,293.0,1333568.0,8.0,91.0,10.0,170.0,5.0,0.02312321,
658,5,2020-11-30,305.508769,317.182554,4476013295,5445408466.0,187.0,169.0,24.0,282.0,41.0,516.0,347.0,1628946.0,1.0,47.0,10.0,110.0,9.0,0.02411037,
659,5,2020-12-01,303.493632,287.660546,4543380461,5779956416.0,221.0,184.0,17.0,155.0,19.0,591.0,481.0,1170270.0,41.0,126.0,32.0,549.0,22.0,0.04099733,
660,5,2020-12-02,294.032759,294.173004,3101500008,5402151005.0,245.0,215.0,20.0,221.0,15.0,508.0,444.0,959385.0,2.0,109.0,5.0,145.0,22.0,0.03359325,
661,5,2020-12-03,297.269958,291.241466,3596926822,5485008488.0,191.0,171.0,14.0,207.0,19.0,480.0,319.0,1677963.0,11.0,68.0,29.0,286.0,17.0,0.01019382,
662,5,2020-12-04,281.344817,280.320598,4383115955,5441079584.0,258.0,211.0,15.0,217.0,23.0,536.0,227.0,1629331.0,4.0,57.0,23.0,117.0,15.0,0.01081092,
663,5,2020-12-05,287.243272,289.246351,2654237410,5233359945.0,178.0,154.0,15.0,165.0,19.0,508.0,209.0,854165.0,2.0,46.0,16.0,159.0,5.0,0.01691609,
664,5,2020-12-06,292.633952,287.133876,2251457436,5390419621.0,202.0,137.0,18.0,110.0,18.0,612.0,268.0,771190.0,1.0,50.0,4.0,69.0,9.0,0.00952011,
665,5,2020-12-07,283.863892,283.980288,2204392283,5326649963.0,202.0,184.0,17.0,228.0,37.0,548.0,210.0,2489624.0,7.0,59.0,9.0,137.0,10.0,0.00716385,
666,5,2020-12-08,272.460666,267.130551,2304601165,5300985662.0,188.0,153.0,22.0,682.0,38.0,505.0,235.0,1001457.0,7.0,85.0,13.0,171.0,7.0,0.01234146,
667,5,2020-12-09,270.524878,268.989595,2737651698,4942609041.0,176.0,155.0,17.0,150.0,36.0,424.0,291.0,909047.0,6.0,47.0,8.0,124.0,11.0,0.02670685,
668,5,2020-12-10,264.330766,265.836313,2154362510,4989257708.0,297.0,190.0,18.0,199.0,10.0,675.0,423.0,2572251.0,19.0,111.0,14.0,290.0,18.0,0.01074015,
669,5,2020-12-11,262.849048,258.986952,2484648118,4878500364.0,287.0,212.0,27.0,276.0,38.0,655.0,404.0,2550602.0,17.0,114.0,49.0,305.0,21.0,0.01149053,6.0
670,5,2020-12-12,269.030721,267.922819,2124062470,4894412752.0,244.0,173.0,13.0,185.0,11.0,679.0,294.0,1687449.0,5.0,46.0,7.0,122.0,9.0,0.01267343,26.0
671,5,2020-12-13,272.500866,275.207613,2302786798,4970519300.0,350.0,330.0,6.0,159.0,19.0,603.0,509.0,1228000.0,13.0,65.0,21.0,206.0,9.0,0.01464796,17.0
672,5,2020-12-14,276.455835,276.259948,2291608568,5084011969.0,637.0,536.0,15.0,259.0,20.0,481.0,675.0,1494224.0,3.0,34.0,4.0,123.0,18.0,0.01426585,6.0
673,5,2020-12-15,278.472214,288.104456,3521356339,5183322891.0,782.0,614.0,18.0,213.0,31.0,573.0,930.0,1059355.0,10.0,70.0,2.0,166.0,5.0,0.02049665,11.0
674,5,2020-12-16,312.834972,311.497304,4094544392,5313794283.0,376.0,276.0,10.0,163.0,10.0,707.0,557.0,1480733.0,6.0,63.0,10.0,146.0,6.0,0.02767086,
675,5,2020-12-17,329.023715,310.289681,5171010212,5824745299.0,287.0,223.0,26.0,449.0,41.0,1089.0,364.0,4275081.0,23.0,254.0,126.0,779.0,8.0,0.03564451,9.0
676,5,2020-12-18,314.852293,313.555675,4000600638,5749687845.0,252.0,228.0,28.0,215.0,16.0,713.0,340.0,1020422.0,11.0,102.0,25.0,307.0,10.0,0.02010393,10.0
677,5,2020-12-19,322.014424,318.637863,3910084436,,130.0,112.0,14.0,119.0,11.0,564.0,307.0,938121.0,4.0,59.0,12.0,127.0,2.0,0.01301637,7.0
678,5,2020-12-20,315.243234,348.918668,6477273503,,184.0,149.0,20.0,380.0,34.0,1134.0,239.0,3026206.0,15.0,557.0,127.0,971.0,1.0,0.03353687,9.0
679,5,2020-12-21,339.466463,314.700234,7109151296,,252.0,190.0,24.0,603.0,55.0,1309.0,241.0,2514226.0,7.0,267.0,52.0,621.0,4.0,0.05852718,7.0
680,5,2020-12-22,328.237256,324.764388,5607871674,,208.0,166.0,28.0,397.0,50.0,668.0,291.0,1039744.0,5.0,91.0,17.0,157.0,8.0,0.06142648,6.0
681,5,2020-12-23,316.814779,276.205356,5581284888,,246.0,154.0,13.0,169.0,19.0,571.0,349.0,1118056.0,1.0,41.0,2.0,42.0,2.0,0.02492257,7.0
682,5,2020-12-24,281.806168,298.049438,5202758892,,325.0,168.0,18.0,104.0,12.0,564.0,408.0,964228.0,7.0,70.0,24.0,192.0,1.0,0.04681018,12.0
683,5,2020-12-25,308.513174,318.50944,5477665705,,325.0,191.0,18.0,130.0,9.0,467.0,415.0,767925.0,6.0,62.0,43.0,138.0,2.0,0.03653538,10.0
684,5,2020-12-26,337.664437,323.600301,5425162403,,834.0,641.0,17.0,147.0,10.0,714.0,843.0,2102634.0,8.0,178.0,66.0,440.0,1.0,0.03062192,17.0
685,5,2020-12-27,323.091338,339.286352,7073380371,,878.0,670.0,23.0,336.0,59.0,737.0,866.0,1284884.0,3.0,122.0,24.0,291.0,2.0,0.02837281,6.0
686,5,2020-12-28,348.460718,361.694465,6398337114,,826.0,673.0,30.0,501.0,109.0,991.0,810.0,1430904.0,12.0,152.0,25.0,454.0,1.0,0.03485521,5.0
687,5,2020-12-29,364.901913,352.481533,5579596010,,833.0,687.0,26.0,486.0,116.0,943.0,858.0,1425609.0,1.0,90.0,16.0,221.0,,0.02808867,72.0
688,5,2020-12-30,368.584375,359.53542,5229869870,,711.0,634.0,34.0,494.0,62.0,1120.0,643.0,4217716.0,14.0,262.0,76.0,742.0,6.0,0.01964068,92.0
689,5,2020-12-31,360.902081,343.537479,4234143670,,586.0,489.0,25.0,148.0,59.0,1034.0,436.0,2244421.0,10.0,200.0,55.0,454.0,3.0,0.01309568,
690,5,2021-01-01,346.468082,341.420939,3987636153,,406.0,363.0,20.0,363.0,38.0,743.0,504.0,1755757.0,6.0,95.0,13.0,207.0,1.0,0.01357,12.0
691,5,2021-01-02,368.562128,355.673895,5139205174,,455.0,398.0,27.0,269.0,62.0,836.0,476.0,1059966.0,5.0,103.0,23.0,280.0,,0.01450466,6.0
692,5,2021-01-03,366.599817,424.628301,8319589888,,760.0,539.0,51.0,582.0,75.0,1139.0,907.0,1438447.0,12.0,238.0,56.0,530.0,14.0,0.04077007,
693,5,2021-01-04,420.526818,410.671531,8386111935,,493.0,452.0,43.0,468.0,43.0,2188.0,642.0,1860653.0,556.0,809.0,77.0,690.0,17.0,0.0659317,3.0
694,5,2021-01-05,429.778362,421.187999,6494558259,,557.0,454.0,42.0,699.0,98.0,1191.0,596.0,1343896.0,17.0,254.0,32.0,477.0,6.0,0.03269604,10.0
695,5,2021-01-06,451.051157,453.69439,7994760841,,430.0,341.0,28.0,170.0,31.0,1097.0,463.0,2711239.0,17.0,243.0,63.0,782.0,7.0,0.02481507,12.0
696,5,2021-01-07,482.898656,451.533939,9101721952,,378.0,290.0,63.0,725.0,87.0,1194.0,402.0,4822144.0,50.0,456.0,345.0,1684.0,4.0,0.03159628,
697,5,2021-01-08,462.586279,442.092321,8262825848,,629.0,465.0,41.0,519.0,106.0,1198.0,448.0,3486051.0,16.0,265.0,84.0,718.0,6.0,0.0270605,3.0
698,5,2021-01-09,439.061741,580.702519,13096975562,,635.0,455.0,45.0,695.0,88.0,1184.0,769.0,2085094.0,11.0,220.0,81.0,638.0,2.0,0.03823486,7.0
699,5,2021-01-10,559.135826,603.994071,17917110038,,694.0,553.0,49.0,842.0,96.0,2144.0,776.0,8734752.0,188.0,789.0,1067.0,4730.0,9.0,0.1266493,12.0
700,5,2021-01-11,571.659584,481.751844,14203040134,11011423836.0,642.0,566.0,35.0,376.0,37.0,1529.0,678.0,3689481.0,14.0,240.0,44.0,563.0,3.0,0.09277072,10.0
701,5,2021-01-12,469.831472,458.530651,8588598944,8768098909.0,560.0,455.0,34.0,470.0,40.0,1282.0,681.0,3202803.0,17.0,262.0,128.0,988.0,3.0,0.08787249,5.0
702,5,2021-01-13,488.074453,494.624736,7248012687,8333797564.0,636.0,505.0,45.0,963.0,76.0,1192.0,626.0,3956240.0,7.0,315.0,97.0,741.0,1.0,0.03418298,
703,5,2021-01-14,517.386014,526.236428,7473340008,9293338793.0,611.0,545.0,27.0,304.0,54.0,1068.0,610.0,3104016.0,15.0,120.0,21.0,336.0,1.0,0.03201028,
704,5,2021-01-15,500.483893,493.209127,7374037119,9778294082.0,661.0,594.0,46.0,480.0,32.0,915.0,879.0,2728749.0,9.0,99.0,11.0,229.0,6.0,0.02961551,2.0
705,5,2021-01-16,484.739617,490.197961,7403007262,9125874684.0,379.0,346.0,28.0,275.0,16.0,779.0,550.0,1739777.0,1.0,78.0,22.0,176.0,3.0,0.02926174,14.0
706,5,2021-01-17,487.871053,480.280274,6127096726,9222579657.0,264.0,235.0,37.0,550.0,84.0,806.0,348.0,1940666.0,15.0,282.0,81.0,869.0,5.0,0.02069343,10.0
707,5,2021-01-18,489.095596,510.225564,6211960354,8962315766.0,542.0,348.0,32.0,258.0,78.0,1251.0,356.0,3560937.0,28.0,273.0,102.0,869.0,10.0,0.01887584,19.0
708,5,2021-01-19,503.383691,509.631523,7517107816,9416074008.0,372.0,283.0,38.0,412.0,57.0,1181.0,433.0,3275927.0,11.0,281.0,87.0,939.0,,0.03352396,9.0
709,5,2021-01-20,503.263961,498.72592,7132394028,9616318506.0,488.0,319.0,87.0,439.0,49.0,1005.0,405.0,1948978.0,14.0,174.0,53.0,527.0,3.0,0.03018909,
710,5,2021-01-21,442.878717,421.80764,6521766787,9173824838.0,400.0,275.0,42.0,542.0,40.0,1129.0,528.0,2977560.0,9.0,310.0,32.0,374.0,5.0,0.03852121,
711,5,2021-01-22,444.026776,441.675301,6673326437,7628428217.0,327.0,251.0,37.0,395.0,42.0,1112.0,393.0,3307238.0,12.0,195.0,33.0,549.0,2.0,0.05579848,
712,5,2021-01-23,431.552446,432.19159,5270057232,8132453589.0,225.0,181.0,27.0,229.0,27.0,856.0,408.0,1110597.0,17.0,278.0,43.0,295.0,,0.02413867,
713,5,2021-01-24,436.859763,440.56109,5228222654,8034187489.0,386.0,179.0,19.0,234.0,27.0,957.0,381.0,1098622.0,15.0,349.0,58.0,1082.0,2.0,0.01407195,11.0
714,5,2021-01-25,440.142477,434.54492,5556191001,8381302368.0,628.0,214.0,29.0,490.0,60.0,622.0,657.0,1141372.0,3.0,125.0,40.0,224.0,9.0,0.01957438,12.0
715,5,2021-01-26,436.979598,427.615006,4950843774,8163955507.0,477.0,230.0,30.0,173.0,30.0,598.0,589.0,1971287.0,5.0,99.0,11.0,169.0,,0.02427086,13.0
716,5,2021-01-27,403.909919,379.276878,5339108785,7934305309.0,322.0,209.0,25.0,247.0,9.0,661.0,418.0,1924455.0,6.0,161.0,27.0,453.0,14.0,0.03416839,5.0
717,5,2021-01-28,410.932607,404.844814,4620940717,7127480453.0,501.0,246.0,36.0,266.0,39.0,521.0,519.0,4155883.0,6.0,73.0,13.0,217.0,5.0,0.03815529,14.0
718,5,2021-01-29,412.919439,406.947954,6360834203,7711993403.0,671.0,231.0,70.0,686.0,122.0,1087.0,899.0,3683069.0,2.0,204.0,55.0,513.0,4.0,0.02783935,10.0
719,5,2021-01-30,403.115706,410.332658,3608978374,7605554835.0,599.0,208.0,29.0,389.0,93.0,1068.0,733.0,3729971.0,1.0,151.0,63.0,414.0,2.0,0.02546609,18.0
